[mathy@zbook-mathy wpa_supplicant]$ sleep 30 && sudo ./wpa_supplicant -D nl80211 -i wlan3 -c kuleuven.conf -dd -K
wpa_supplicant v2.11-devel-hostap_2_10-2107-g25e465d5b+
random: Trying to read entropy from /dev/random
Successfully initialized wpa_supplicant
Initializing interface 'wlan3' conf 'kuleuven.conf' driver 'nl80211' ctrl_interface 'N/A' bridge 'N/A'
Configuration file 'kuleuven.conf' -> '/home/mathy/research/wifi/hostap/wpa_supplicant/kuleuven.conf'
Reading configuration file '/home/mathy/research/wifi/hostap/wpa_supplicant/kuleuven.conf'
Line: 2 - start of a new network block
ssid - hexdump_ascii(len=8):
     6b 75 6c 65 75 76 65 6e                           kuleuven        
key_mgmt: 0x1
proto: 0x2
pairwise: 0x10
group: 0x10
identity - hexdump_ascii(len=5):
     6d 61 74 68 79                                    mathy           
password - hexdump_ascii(len=8):
     70 61 73 73 77 6f 72 64                           password        
Priority group 0
   id=0 ssid='kuleuven'
nl80211: Kernel version: Linux 6.6.29-1-lts (#1 SMP PREEMPT_DYNAMIC Sat, 27 Apr 2024 18:43:45 +0000; x86_64)
nl80211: Maximum supported attribute ID: 326
nl80211: Initialize interface wlan3 (driver: mac80211_hwsim)
nl80211: TDLS supported
nl80211: TDLS external setup
nl80211: Supported cipher 00-0f-ac:1
nl80211: Supported cipher 00-0f-ac:5
nl80211: Supported cipher 00-0f-ac:2
nl80211: Supported cipher 00-0f-ac:4
nl80211: Supported cipher 00-0f-ac:10
nl80211: Supported cipher 00-0f-ac:8
nl80211: Supported cipher 00-0f-ac:9
nl80211: Supported cipher 00-0f-ac:6
nl80211: Supported cipher 00-0f-ac:13
nl80211: Supported cipher 00-0f-ac:11
nl80211: Supported cipher 00-0f-ac:12
nl80211: Using driver-based off-channel TX
nl80211: Driver-advertised extended capabilities (default) - hexdump(len=8): 04 00 40 00 00 00 00 40
nl80211: Driver-advertised extended capabilities mask (default) - hexdump(len=8): 04 00 40 00 00 00 00 40
nl80211: Supported vendor command: vendor_id=0x1374 subcmd=1
nl80211: Supported vendor event: vendor_id=0x1374 subcmd=1
mbssid: max interfaces 8, max profile periodicity 3
nl80211: Use separate P2P group interface (driver advertised support)
nl80211: use P2P_DEVICE support
nl80211: key_mgmt=0x1ff0f enc=0xfef auth=0x7 flags=0xe5000d31fb5bfbe0 flags2=0x8103 rrm_flags=0x10 probe_resp_offloads=0x0 max_stations=0 max_remain_on_chan=5000 max_scan_ssids=4
nl80211: interface wlan3 in phy phy5
nl80211: Set mode ifindex 10 iftype 2 (STATION)
nl80211: Subscribe to mgmt frames with non-AP handle 0x5a3773ac1720
nl80211: Register frame type=0xd0 (WLAN_FC_STYPE_ACTION) nl_handle=0x5a3773ac1720 match=0104 multicast=0
nl80211: Register frame type=0xd0 (WLAN_FC_STYPE_ACTION) nl_handle=0x5a3773ac1720 match=040a multicast=0
nl80211: Register frame type=0xd0 (WLAN_FC_STYPE_ACTION) nl_handle=0x5a3773ac1720 match=040b multicast=0
nl80211: Register frame type=0xd0 (WLAN_FC_STYPE_ACTION) nl_handle=0x5a3773ac1720 match=040c multicast=0
nl80211: Register frame type=0xd0 (WLAN_FC_STYPE_ACTION) nl_handle=0x5a3773ac1720 match=040d multicast=0
nl80211: Register frame type=0xd0 (WLAN_FC_STYPE_ACTION) nl_handle=0x5a3773ac1720 match=090a multicast=0
nl80211: Register frame type=0xd0 (WLAN_FC_STYPE_ACTION) nl_handle=0x5a3773ac1720 match=090b multicast=0
nl80211: Register frame type=0xd0 (WLAN_FC_STYPE_ACTION) nl_handle=0x5a3773ac1720 match=090c multicast=0
nl80211: Register frame type=0xd0 (WLAN_FC_STYPE_ACTION) nl_handle=0x5a3773ac1720 match=090d multicast=0
nl80211: Register frame type=0xd0 (WLAN_FC_STYPE_ACTION) nl_handle=0x5a3773ac1720 match=0409506f9a09 multicast=0
nl80211: Register frame type=0xd0 (WLAN_FC_STYPE_ACTION) nl_handle=0x5a3773ac1720 match=7f506f9a09 multicast=0
nl80211: Register frame type=0xd0 (WLAN_FC_STYPE_ACTION) nl_handle=0x5a3773ac1720 match=0409506f9a1a multicast=0
nl80211: Register frame type=0xd0 (WLAN_FC_STYPE_ACTION) nl_handle=0x5a3773ac1720 match=0801 multicast=0
nl80211: Register frame type=0xd0 (WLAN_FC_STYPE_ACTION) nl_handle=0x5a3773ac1720 match=040e multicast=0
nl80211: Register frame type=0xd0 (WLAN_FC_STYPE_ACTION) nl_handle=0x5a3773ac1720 match=06 multicast=0
nl80211: Register frame type=0xd0 (WLAN_FC_STYPE_ACTION) nl_handle=0x5a3773ac1720 match=0a07 multicast=0
nl80211: Register frame type=0xd0 (WLAN_FC_STYPE_ACTION) nl_handle=0x5a3773ac1720 match=0a11 multicast=0
nl80211: Register frame type=0xd0 (WLAN_FC_STYPE_ACTION) nl_handle=0x5a3773ac1720 match=0a0b multicast=0
nl80211: Register frame type=0xd0 (WLAN_FC_STYPE_ACTION) nl_handle=0x5a3773ac1720 match=0a1a multicast=0
nl80211: Register frame type=0xd0 (WLAN_FC_STYPE_ACTION) nl_handle=0x5a3773ac1720 match=1101 multicast=0
nl80211: Register frame type=0xd0 (WLAN_FC_STYPE_ACTION) nl_handle=0x5a3773ac1720 match=1102 multicast=0
nl80211: Register frame type=0xd0 (WLAN_FC_STYPE_ACTION) nl_handle=0x5a3773ac1720 match=0505 multicast=0
nl80211: Register frame type=0xd0 (WLAN_FC_STYPE_ACTION) nl_handle=0x5a3773ac1720 match=0500 multicast=0
nl80211: Register frame type=0xd0 (WLAN_FC_STYPE_ACTION) nl_handle=0x5a3773ac1720 match=1301 multicast=0
nl80211: Register frame type=0xd0 (WLAN_FC_STYPE_ACTION) nl_handle=0x5a3773ac1720 match=1305 multicast=0
nl80211: Register frame type=0xd0 (WLAN_FC_STYPE_ACTION) nl_handle=0x5a3773ac1720 match=7e506f9a1a multicast=0
rfkill: initial event: idx=6 type=1 op=0 soft=0 hard=0
netlink: Operstate: ifindex=10 linkmode=1 (userspace-control), operstate=5 (IF_OPER_DORMANT)
Add interface wlan3 to a new radio phy5
nl80211: No channel number found for frequency 5900 MHz
nl80211: No channel number found for frequency 5905 MHz
nl80211: No channel number found for frequency 5910 MHz
nl80211: No channel number found for frequency 5915 MHz
nl80211: No channel number found for frequency 5920 MHz
nl80211: No channel number found for frequency 5925 MHz
nl80211: No channel number found for frequency 902 MHz
nl80211: No channel number found for frequency 903 MHz
nl80211: No channel number found for frequency 903 MHz
nl80211: No channel number found for frequency 904 MHz
nl80211: No channel number found for frequency 904 MHz
nl80211: No channel number found for frequency 905 MHz
nl80211: No channel number found for frequency 905 MHz
nl80211: No channel number found for frequency 906 MHz
nl80211: No channel number found for frequency 906 MHz
nl80211: No channel number found for frequency 907 MHz
nl80211: No channel number found for frequency 907 MHz
nl80211: No channel number found for frequency 908 MHz
nl80211: No channel number found for frequency 908 MHz
nl80211: No channel number found for frequency 909 MHz
nl80211: No channel number found for frequency 909 MHz
nl80211: No channel number found for frequency 910 MHz
nl80211: No channel number found for frequency 910 MHz
nl80211: No channel number found for frequency 911 MHz
nl80211: No channel number found for frequency 911 MHz
nl80211: No channel number found for frequency 912 MHz
nl80211: No channel number found for frequency 912 MHz
nl80211: No channel number found for frequency 913 MHz
nl80211: No channel number found for frequency 913 MHz
nl80211: No channel number found for frequency 914 MHz
nl80211: No channel number found for frequency 914 MHz
nl80211: No channel number found for frequency 915 MHz
nl80211: No channel number found for frequency 915 MHz
nl80211: No channel number found for frequency 916 MHz
nl80211: No channel number found for frequency 916 MHz
nl80211: No channel number found for frequency 917 MHz
nl80211: No channel number found for frequency 917 MHz
nl80211: No channel number found for frequency 918 MHz
nl80211: No channel number found for frequency 918 MHz
nl80211: No channel number found for frequency 919 MHz
nl80211: No channel number found for frequency 919 MHz
nl80211: No channel number found for frequency 920 MHz
nl80211: No channel number found for frequency 920 MHz
nl80211: No channel number found for frequency 921 MHz
nl80211: No channel number found for frequency 921 MHz
nl80211: No channel number found for frequency 922 MHz
nl80211: No channel number found for frequency 922 MHz
nl80211: No channel number found for frequency 923 MHz
nl80211: No channel number found for frequency 923 MHz
nl80211: No channel number found for frequency 924 MHz
nl80211: No channel number found for frequency 924 MHz
nl80211: No channel number found for frequency 925 MHz
nl80211: No channel number found for frequency 925 MHz
nl80211: No channel number found for frequency 926 MHz
nl80211: No channel number found for frequency 926 MHz
nl80211: No channel number found for frequency 927 MHz
nl80211: No channel number found for frequency 927 MHz
nl80211: Regulatory information - country=US (DFS-FCC)
nl80211: 902-904 @ 2 MHz 30 mBm
nl80211: 904-920 @ 16 MHz 30 mBm
nl80211: 920-928 @ 8 MHz 30 mBm
nl80211: 2400-2472 @ 40 MHz 30 mBm
nl80211: 5150-5250 @ 80 MHz 23 mBm
nl80211: 5250-5350 @ 80 MHz 24 mBm (DFS)
nl80211: 5470-5730 @ 160 MHz 24 mBm (DFS)
nl80211: 5730-5850 @ 80 MHz 30 mBm
nl80211: 5850-5895 @ 40 MHz 27 mBm (no outdoor) (no IR)
nl80211: 5925-7125 @ 320 MHz 12 mBm (no outdoor) (no IR)
nl80211: 57240-71000 @ 2160 MHz 40 mBm
nl80211: Remove unsupported mode
nl80211: Added 802.11b mode based on 802.11g information
nl80211: Mode IEEE 802.11g: 2412 2417 2422 2427 2432 2437 2442 2447 2452 2457 2462 2467[DISABLED][NO_IR] 2472[DISABLED][NO_IR] 2484[DISABLED][NO_IR]
nl80211: Mode IEEE 802.11a: 5180 5200 5220 5240 5260[RADAR] 5280[RADAR] 5300[RADAR] 5320[RADAR] 5500[RADAR] 5520[RADAR] 5540[RADAR] 5560[RADAR] 5580[RADAR] 5600[RADAR] 5620[RADAR] 5640[RADAR] 5660[RADAR] 5680[RADAR] 5700[RADAR] 5745 5765 5785 5805 5825 5845[NO_IR] 5855[NO_IR] 5860[NO_IR] 5865[NO_IR] 5870[NO_IR] 5875[NO_IR] 5880[NO_IR] 5885[NO_IR] 5890[DISABLED] 5895[DISABLED] 5900[DISABLED] 5905[DISABLED] 5910[DISABLED] 5915[DISABLED] 5920[DISABLED] 5925[DISABLED]
nl80211: Mode IEEE 802.11a: 5955[NO_IR] 5975[NO_IR] 5995[NO_IR] 6015[NO_IR] 6035[NO_IR] 6055[NO_IR] 6075[NO_IR] 6095[NO_IR] 6115[NO_IR] 6135[NO_IR] 6155[NO_IR] 6175[NO_IR] 6195[NO_IR] 6215[NO_IR] 6235[NO_IR] 6255[NO_IR] 6275[NO_IR] 6295[NO_IR] 6315[NO_IR] 6335[NO_IR] 6355[NO_IR] 6375[NO_IR] 6395[NO_IR] 6415[NO_IR] 6435[NO_IR] 6455[NO_IR] 6475[NO_IR] 6495[NO_IR] 6515[NO_IR] 6535[NO_IR] 6555[NO_IR] 6575[NO_IR] 6595[NO_IR] 6615[NO_IR] 6635[NO_IR] 6655[NO_IR] 6675[NO_IR] 6695[NO_IR] 6715[NO_IR] 6735[NO_IR] 6755[NO_IR] 6775[NO_IR] 6795[NO_IR] 6815[NO_IR] 6835[NO_IR] 6855[NO_IR] 6875[NO_IR] 6895[NO_IR] 6915[NO_IR] 6935[NO_IR] 6955[NO_IR] 6975[NO_IR] 6995[NO_IR] 7015[NO_IR] 7035[NO_IR] 7055[NO_IR] 7075[NO_IR] 7095[NO_IR] 7115[NO_IR]
nl80211: Mode IEEE 802.11b: 2412 2417 2422 2427 2432 2437 2442 2447 2452 2457 2462 2467[DISABLED][NO_IR] 2472[DISABLED][NO_IR] 2484[DISABLED][NO_IR]
wlan3: Own MAC address: 60:03:08:8e:a2:50
wpa_driver_nl80211_set_key: ifindex=10 (wlan3) alg=0 addr=(nil) key_idx=0 set_tx=0 seq_len=0 key_len=0 key_flag=0x10 link_id=-1
nl80211: DEL_KEY
   broadcast key
wpa_driver_nl80211_set_key: ifindex=10 (wlan3) alg=0 addr=(nil) key_idx=1 set_tx=0 seq_len=0 key_len=0 key_flag=0x10 link_id=-1
nl80211: DEL_KEY
   broadcast key
wpa_driver_nl80211_set_key: ifindex=10 (wlan3) alg=0 addr=(nil) key_idx=2 set_tx=0 seq_len=0 key_len=0 key_flag=0x10 link_id=-1
nl80211: DEL_KEY
   broadcast key
wpa_driver_nl80211_set_key: ifindex=10 (wlan3) alg=0 addr=(nil) key_idx=3 set_tx=0 seq_len=0 key_len=0 key_flag=0x10 link_id=-1
nl80211: DEL_KEY
   broadcast key
wpa_driver_nl80211_set_key: ifindex=10 (wlan3) alg=0 addr=(nil) key_idx=4 set_tx=0 seq_len=0 key_len=0 key_flag=0x10 link_id=-1
nl80211: DEL_KEY
   broadcast key
wpa_driver_nl80211_set_key: ifindex=10 (wlan3) alg=0 addr=(nil) key_idx=5 set_tx=0 seq_len=0 key_len=0 key_flag=0x10 link_id=-1
nl80211: DEL_KEY
   broadcast key
wlan3: RSN: flushing PMKID list in the driver
nl80211: Flush PMKIDs
wlan3: Setting scan request: 0.100000 sec
TDLS: TDLS operation supported by driver
TDLS: Driver uses external link setup
TDLS: Driver does not support TDLS channel switching
wlan3: WPS: UUID based on MAC address: ca22f635-acd6-5bbe-b5c9-1e5c51208ff6
ENGINE: Loading builtin engines
ENGINE: Loading builtin engines
EAPOL: SUPP_PAE entering state DISCONNECTED
EAPOL: Supplicant port status: Unauthorized
nl80211: Skip set_supp_port(unauthorized) while not associated
EAPOL: KEY_RX entering state NO_KEY_RECEIVE
EAPOL: SUPP_BE entering state INITIALIZE
EAP: EAP entering state DISABLED
wlan3: Added interface wlan3
wlan3: State: DISCONNECTED -> DISCONNECTED
nl80211: Set wlan3 operstate 0->0 (DORMANT)
netlink: Operstate: ifindex=10 linkmode=-1 (no change), operstate=5 (IF_OPER_DORMANT)
nl80211: Create interface iftype 10 (P2P_DEVICE)
nl80211: New P2P Device interface p2p-dev-wlan3 (0x50000002b) created
Initializing interface 'p2p-dev-wlan3' conf '/home/mathy/research/wifi/hostap/wpa_supplicant/kuleuven.conf' driver 'nl80211' ctrl_interface 'N/A' bridge 'N/A'
Configuration file '/home/mathy/research/wifi/hostap/wpa_supplicant/kuleuven.conf' -> '/home/mathy/research/wifi/hostap/wpa_supplicant/kuleuven.conf'
Reading configuration file '/home/mathy/research/wifi/hostap/wpa_supplicant/kuleuven.conf'
Line: 2 - start of a new network block
ssid - hexdump_ascii(len=8):
     6b 75 6c 65 75 76 65 6e                           kuleuven        
key_mgmt: 0x1
proto: 0x2
pairwise: 0x10
group: 0x10
identity - hexdump_ascii(len=5):
     6d 61 74 68 79                                    mathy           
password - hexdump_ascii(len=8):
     70 61 73 73 77 6f 72 64                           password        
Priority group 0
   id=1 ssid='kuleuven'
nl80211: TDLS supported
nl80211: TDLS external setup
nl80211: Supported cipher 00-0f-ac:1
nl80211: Supported cipher 00-0f-ac:5
nl80211: Supported cipher 00-0f-ac:2
nl80211: Supported cipher 00-0f-ac:4
nl80211: Supported cipher 00-0f-ac:10
nl80211: Supported cipher 00-0f-ac:8
nl80211: Supported cipher 00-0f-ac:9
nl80211: Supported cipher 00-0f-ac:6
nl80211: Supported cipher 00-0f-ac:13
nl80211: Supported cipher 00-0f-ac:11
nl80211: Supported cipher 00-0f-ac:12
nl80211: Using driver-based off-channel TX
nl80211: Driver-advertised extended capabilities (default) - hexdump(len=8): 04 00 40 00 00 00 00 40
nl80211: Driver-advertised extended capabilities mask (default) - hexdump(len=8): 04 00 40 00 00 00 00 40
nl80211: Supported vendor command: vendor_id=0x1374 subcmd=1
nl80211: Supported vendor event: vendor_id=0x1374 subcmd=1
mbssid: max interfaces 8, max profile periodicity 3
nl80211: Use separate P2P group interface (driver advertised support)
nl80211: use P2P_DEVICE support
nl80211: key_mgmt=0x1ff0f enc=0xfef auth=0x7 flags=0xe5000d31fb5bfbe0 flags2=0x8103 rrm_flags=0x10 probe_resp_offloads=0x0 max_stations=0 max_remain_on_chan=5000 max_scan_ssids=4
nl80211: interface p2p-dev-wlan3 in phy phy5
nl80211: Set mode ifindex 0 iftype 10 (P2P_DEVICE)
nl80211: Failed to set interface 0 to mode 10: -22 (Invalid argument)
nl80211: Subscribe to mgmt frames with non-AP handle 0x5a3773b3a770
nl80211: Register frame type=0xd0 (WLAN_FC_STYPE_ACTION) nl_handle=0x5a3773b3a770 match=0104 multicast=0
nl80211: Register frame type=0xd0 (WLAN_FC_STYPE_ACTION) nl_handle=0x5a3773b3a770 match=040a multicast=0
nl80211: Register frame type=0xd0 (WLAN_FC_STYPE_ACTION) nl_handle=0x5a3773b3a770 match=040b multicast=0
nl80211: Register frame type=0xd0 (WLAN_FC_STYPE_ACTION) nl_handle=0x5a3773b3a770 match=040c multicast=0
nl80211: Register frame type=0xd0 (WLAN_FC_STYPE_ACTION) nl_handle=0x5a3773b3a770 match=040d multicast=0
nl80211: Register frame type=0xd0 (WLAN_FC_STYPE_ACTION) nl_handle=0x5a3773b3a770 match=090a multicast=0
nl80211: Register frame type=0xd0 (WLAN_FC_STYPE_ACTION) nl_handle=0x5a3773b3a770 match=090b multicast=0
nl80211: Register frame type=0xd0 (WLAN_FC_STYPE_ACTION) nl_handle=0x5a3773b3a770 match=090c multicast=0
nl80211: Register frame type=0xd0 (WLAN_FC_STYPE_ACTION) nl_handle=0x5a3773b3a770 match=090d multicast=0
nl80211: Register frame type=0xd0 (WLAN_FC_STYPE_ACTION) nl_handle=0x5a3773b3a770 match=0409506f9a09 multicast=0
nl80211: Register frame type=0xd0 (WLAN_FC_STYPE_ACTION) nl_handle=0x5a3773b3a770 match=7f506f9a09 multicast=0
nl80211: Register frame type=0xd0 (WLAN_FC_STYPE_ACTION) nl_handle=0x5a3773b3a770 match=0409506f9a1a multicast=0
nl80211: Register frame type=0xd0 (WLAN_FC_STYPE_ACTION) nl_handle=0x5a3773b3a770 match=0801 multicast=0
nl80211: Register frame type=0xd0 (WLAN_FC_STYPE_ACTION) nl_handle=0x5a3773b3a770 match=040e multicast=0
nl80211: Register frame type=0xd0 (WLAN_FC_STYPE_ACTION) nl_handle=0x5a3773b3a770 match=06 multicast=0
nl80211: Register frame type=0xd0 (WLAN_FC_STYPE_ACTION) nl_handle=0x5a3773b3a770 match=0a07 multicast=0
nl80211: Register frame type=0xd0 (WLAN_FC_STYPE_ACTION) nl_handle=0x5a3773b3a770 match=0a11 multicast=0
nl80211: Register frame type=0xd0 (WLAN_FC_STYPE_ACTION) nl_handle=0x5a3773b3a770 match=0a0b multicast=0
nl80211: Register frame type=0xd0 (WLAN_FC_STYPE_ACTION) nl_handle=0x5a3773b3a770 match=0a1a multicast=0
nl80211: Register frame type=0xd0 (WLAN_FC_STYPE_ACTION) nl_handle=0x5a3773b3a770 match=1101 multicast=0
nl80211: Register frame type=0xd0 (WLAN_FC_STYPE_ACTION) nl_handle=0x5a3773b3a770 match=1102 multicast=0
nl80211: Register frame type=0xd0 (WLAN_FC_STYPE_ACTION) nl_handle=0x5a3773b3a770 match=0505 multicast=0
nl80211: Register frame type=0xd0 (WLAN_FC_STYPE_ACTION) nl_handle=0x5a3773b3a770 match=0500 multicast=0
nl80211: Register frame type=0xd0 (WLAN_FC_STYPE_ACTION) nl_handle=0x5a3773b3a770 match=1301 multicast=0
nl80211: Register frame type=0xd0 (WLAN_FC_STYPE_ACTION) nl_handle=0x5a3773b3a770 match=1305 multicast=0
nl80211: Register frame type=0xd0 (WLAN_FC_STYPE_ACTION) nl_handle=0x5a3773b3a770 match=7e506f9a1a multicast=0
nl80211: Use (wlan3) to initialize P2P Device rfkill
rfkill: initial event: idx=6 type=1 op=0 soft=0 hard=0
nl80211: Start P2P Device p2p-dev-wlan3 (0x50000002b): Success
Add interface p2p-dev-wlan3 to existing radio phy5
nl80211: No channel number found for frequency 5900 MHz
nl80211: No channel number found for frequency 5905 MHz
nl80211: No channel number found for frequency 5910 MHz
nl80211: No channel number found for frequency 5915 MHz
nl80211: No channel number found for frequency 5920 MHz
nl80211: No channel number found for frequency 5925 MHz
nl80211: No channel number found for frequency 902 MHz
nl80211: No channel number found for frequency 903 MHz
nl80211: No channel number found for frequency 903 MHz
nl80211: No channel number found for frequency 904 MHz
nl80211: No channel number found for frequency 904 MHz
nl80211: No channel number found for frequency 905 MHz
nl80211: No channel number found for frequency 905 MHz
nl80211: No channel number found for frequency 906 MHz
nl80211: No channel number found for frequency 906 MHz
nl80211: No channel number found for frequency 907 MHz
nl80211: No channel number found for frequency 907 MHz
nl80211: No channel number found for frequency 908 MHz
nl80211: No channel number found for frequency 908 MHz
nl80211: No channel number found for frequency 909 MHz
nl80211: No channel number found for frequency 909 MHz
nl80211: No channel number found for frequency 910 MHz
nl80211: No channel number found for frequency 910 MHz
nl80211: No channel number found for frequency 911 MHz
nl80211: No channel number found for frequency 911 MHz
nl80211: No channel number found for frequency 912 MHz
nl80211: No channel number found for frequency 912 MHz
nl80211: No channel number found for frequency 913 MHz
nl80211: No channel number found for frequency 913 MHz
nl80211: No channel number found for frequency 914 MHz
nl80211: No channel number found for frequency 914 MHz
nl80211: No channel number found for frequency 915 MHz
nl80211: No channel number found for frequency 915 MHz
nl80211: No channel number found for frequency 916 MHz
nl80211: No channel number found for frequency 916 MHz
nl80211: No channel number found for frequency 917 MHz
nl80211: No channel number found for frequency 917 MHz
nl80211: No channel number found for frequency 918 MHz
nl80211: No channel number found for frequency 918 MHz
nl80211: No channel number found for frequency 919 MHz
nl80211: No channel number found for frequency 919 MHz
nl80211: No channel number found for frequency 920 MHz
nl80211: No channel number found for frequency 920 MHz
nl80211: No channel number found for frequency 921 MHz
nl80211: No channel number found for frequency 921 MHz
nl80211: No channel number found for frequency 922 MHz
nl80211: No channel number found for frequency 922 MHz
nl80211: No channel number found for frequency 923 MHz
nl80211: No channel number found for frequency 923 MHz
nl80211: No channel number found for frequency 924 MHz
nl80211: No channel number found for frequency 924 MHz
nl80211: No channel number found for frequency 925 MHz
nl80211: No channel number found for frequency 925 MHz
nl80211: No channel number found for frequency 926 MHz
nl80211: No channel number found for frequency 926 MHz
nl80211: No channel number found for frequency 927 MHz
nl80211: No channel number found for frequency 927 MHz
nl80211: Regulatory information - country=US (DFS-FCC)
nl80211: 902-904 @ 2 MHz 30 mBm
nl80211: 904-920 @ 16 MHz 30 mBm
nl80211: 920-928 @ 8 MHz 30 mBm
nl80211: 2400-2472 @ 40 MHz 30 mBm
nl80211: 5150-5250 @ 80 MHz 23 mBm
nl80211: 5250-5350 @ 80 MHz 24 mBm (DFS)
nl80211: 5470-5730 @ 160 MHz 24 mBm (DFS)
nl80211: 5730-5850 @ 80 MHz 30 mBm
nl80211: 5850-5895 @ 40 MHz 27 mBm (no outdoor) (no IR)
nl80211: 5925-7125 @ 320 MHz 12 mBm (no outdoor) (no IR)
nl80211: 57240-71000 @ 2160 MHz 40 mBm
nl80211: Remove unsupported mode
nl80211: Added 802.11b mode based on 802.11g information
nl80211: Mode IEEE 802.11g: 2412 2417 2422 2427 2432 2437 2442 2447 2452 2457 2462 2467[DISABLED][NO_IR] 2472[DISABLED][NO_IR] 2484[DISABLED][NO_IR]
nl80211: Mode IEEE 802.11a: 5180 5200 5220 5240 5260[RADAR] 5280[RADAR] 5300[RADAR] 5320[RADAR] 5500[RADAR] 5520[RADAR] 5540[RADAR] 5560[RADAR] 5580[RADAR] 5600[RADAR] 5620[RADAR] 5640[RADAR] 5660[RADAR] 5680[RADAR] 5700[RADAR] 5745 5765 5785 5805 5825 5845[NO_IR] 5855[NO_IR] 5860[NO_IR] 5865[NO_IR] 5870[NO_IR] 5875[NO_IR] 5880[NO_IR] 5885[NO_IR] 5890[DISABLED] 5895[DISABLED] 5900[DISABLED] 5905[DISABLED] 5910[DISABLED] 5915[DISABLED] 5920[DISABLED] 5925[DISABLED]
nl80211: Mode IEEE 802.11a: 5955[NO_IR] 5975[NO_IR] 5995[NO_IR] 6015[NO_IR] 6035[NO_IR] 6055[NO_IR] 6075[NO_IR] 6095[NO_IR] 6115[NO_IR] 6135[NO_IR] 6155[NO_IR] 6175[NO_IR] 6195[NO_IR] 6215[NO_IR] 6235[NO_IR] 6255[NO_IR] 6275[NO_IR] 6295[NO_IR] 6315[NO_IR] 6335[NO_IR] 6355[NO_IR] 6375[NO_IR] 6395[NO_IR] 6415[NO_IR] 6435[NO_IR] 6455[NO_IR] 6475[NO_IR] 6495[NO_IR] 6515[NO_IR] 6535[NO_IR] 6555[NO_IR] 6575[NO_IR] 6595[NO_IR] 6615[NO_IR] 6635[NO_IR] 6655[NO_IR] 6675[NO_IR] 6695[NO_IR] 6715[NO_IR] 6735[NO_IR] 6755[NO_IR] 6775[NO_IR] 6795[NO_IR] 6815[NO_IR] 6835[NO_IR] 6855[NO_IR] 6875[NO_IR] 6895[NO_IR] 6915[NO_IR] 6935[NO_IR] 6955[NO_IR] 6975[NO_IR] 6995[NO_IR] 7015[NO_IR] 7035[NO_IR] 7055[NO_IR] 7075[NO_IR] 7095[NO_IR] 7115[NO_IR]
nl80211: Mode IEEE 802.11b: 2412 2417 2422 2427 2432 2437 2442 2447 2452 2457 2462 2467[DISABLED][NO_IR] 2472[DISABLED][NO_IR] 2484[DISABLED][NO_IR]
p2p-dev-wlan3: Own MAC address: 02:00:00:00:03:00
p2p-dev-wlan3: RSN: flushing PMKID list in the driver
nl80211: Flush PMKIDs
p2p-dev-wlan3: State: DISCONNECTED -> INACTIVE
p2p-dev-wlan3: WPS: UUID from the first interface: ca22f635-acd6-5bbe-b5c9-1e5c51208ff6
ENGINE: Loading builtin engines
ENGINE: Loading builtin engines
EAPOL: SUPP_PAE entering state DISCONNECTED
EAPOL: Supplicant port status: Unauthorized
nl80211: Skip set_supp_port(unauthorized) while not associated
EAPOL: KEY_RX entering state NO_KEY_RECEIVE
EAPOL: SUPP_BE entering state INITIALIZE
EAP: EAP entering state DISABLED
P2P: Add operating class 81
P2P: Channels - hexdump(len=11): 01 02 03 04 05 06 07 08 09 0a 0b
P2P: Add operating class 115
P2P: Channels - hexdump(len=4): 24 28 2c 30
P2P: Add operating class 116
P2P: Channels - hexdump(len=2): 24 2c
P2P: Add operating class 117
P2P: Channels - hexdump(len=2): 28 30
P2P: Add operating class 124
P2P: Channels - hexdump(len=4): 95 99 9d a1
P2P: Add operating class 125
P2P: Channels - hexdump(len=5): 95 99 9d a1 a5
P2P: Add operating class 126
P2P: Channels - hexdump(len=2): 95 9d
P2P: Add operating class 127
P2P: Channels - hexdump(len=2): 99 a1
P2P: Add operating class 128
P2P: Channels - hexdump(len=8): 24 28 2c 30 95 99 9d a1
P2P: Add operating class 130
P2P: Channels - hexdump(len=9): 24 28 2c 30 95 99 9d a1 a5
P2P: Own listen channel: 81:1
P2P: Random operating channel: 81:6
P2P: initialized
P2P: channels: 81:1,2,3,4,5,6,7,8,9,10,11 115:36,40,44,48 116:36,44 117:40,48 124:149,153,157,161 125:149,153,157,161,165 126:149,157 127:153,161 128:36,40,44,48,149,153,157,161 130:36,40,44,48,149,153,157,161,165
P2P: cli_channels:
p2p-dev-wlan3: Added interface p2p-dev-wlan3
p2p-dev-wlan3: State: INACTIVE -> DISCONNECTED
nl80211: Set p2p-dev-wlan3 operstate 0->0 (DORMANT)
netlink: Operstate: ifindex=0 linkmode=-1 (no change), operstate=5 (IF_OPER_DORMANT)
p2p-dev-wlan3: Determining shared radio frequencies (max len 1)
p2p-dev-wlan3: Shared frequencies (len=0): completed iteration
P2P: Add operating class 81
P2P: Channels - hexdump(len=11): 01 02 03 04 05 06 07 08 09 0a 0b
P2P: Add operating class 115
P2P: Channels - hexdump(len=4): 24 28 2c 30
P2P: Add operating class 116
P2P: Channels - hexdump(len=2): 24 2c
P2P: Add operating class 117
P2P: Channels - hexdump(len=2): 28 30
P2P: Add operating class 124
P2P: Channels - hexdump(len=4): 95 99 9d a1
P2P: Add operating class 125
P2P: Channels - hexdump(len=5): 95 99 9d a1 a5
P2P: Add operating class 126
P2P: Channels - hexdump(len=2): 95 9d
P2P: Add operating class 127
P2P: Channels - hexdump(len=2): 99 a1
P2P: Add operating class 128
P2P: Channels - hexdump(len=8): 24 28 2c 30 95 99 9d a1
P2P: Add operating class 130
P2P: Channels - hexdump(len=9): 24 28 2c 30 95 99 9d a1 a5
P2P: Update channel list
P2P: channels: 81:1,2,3,4,5,6,7,8,9,10,11 115:36,40,44,48 116:36,44 117:40,48 124:149,153,157,161 125:149,153,157,161,165 126:149,157 127:153,161 128:36,40,44,48,149,153,157,161 130:36,40,44,48,149,153,157,161,165
P2P: cli_channels:
random: Got 20/20 bytes from /dev/random
RTM_NEWLINK: ifi_index=10 ifname=wlan3 operstate=2 linkmode=1 ifi_family=0 ifi_flags=0x1003 ([UP])
wlan3: State: DISCONNECTED -> SCANNING
wlan3: Determining shared radio frequencies (max len 1)
wlan3: Shared frequencies (len=0): completed iteration
P2P: Add operating class 81
P2P: Channels - hexdump(len=11): 01 02 03 04 05 06 07 08 09 0a 0b
P2P: Add operating class 115
P2P: Channels - hexdump(len=4): 24 28 2c 30
P2P: Add operating class 116
P2P: Channels - hexdump(len=2): 24 2c
P2P: Add operating class 117
P2P: Channels - hexdump(len=2): 28 30
P2P: Add operating class 124
P2P: Channels - hexdump(len=4): 95 99 9d a1
P2P: Add operating class 125
P2P: Channels - hexdump(len=5): 95 99 9d a1 a5
P2P: Add operating class 126
P2P: Channels - hexdump(len=2): 95 9d
P2P: Add operating class 127
P2P: Channels - hexdump(len=2): 99 a1
P2P: Add operating class 128
P2P: Channels - hexdump(len=8): 24 28 2c 30 95 99 9d a1
P2P: Add operating class 130
P2P: Channels - hexdump(len=9): 24 28 2c 30 95 99 9d a1 a5
P2P: Update channel list
P2P: channels: 81:1,2,3,4,5,6,7,8,9,10,11 115:36,40,44,48 116:36,44 117:40,48 124:149,153,157,161 125:149,153,157,161,165 126:149,157 127:153,161 128:36,40,44,48,149,153,157,161 130:36,40,44,48,149,153,157,161,165
P2P: cli_channels:
wlan3: Starting AP scan for wildcard SSID
WPS: Building WPS IE for Probe Request
WPS:  * Version (hardcoded 0x10)
WPS:  * Request Type
WPS:  * Config Methods (3108)
WPS:  * UUID-E
WPS:  * Primary Device Type
WPS:  * RF Bands (3)
WPS:  * Association State
WPS:  * Configuration Error (0)
WPS:  * Device Password ID (0)
WPS:  * Manufacturer
WPS:  * Model Name
WPS:  * Model Number
WPS:  * Device Name
WPS:  * Version2 (0x20)
P2P: * P2P IE header
P2P: * Capability dev=25 group=00
P2P: * Listen Channel: Regulatory Class 81 Channel 1
wlan3: Add radio work 'scan'@0x5a3773b4d360
wlan3: First radio work item in the queue - schedule start immediately
wlan3: Starting radio work 'scan'@0x5a3773b4d360 after 0.000008 second wait
wlan3: nl80211: scan request
nl80211: Scan SSID 
nl80211: Scan co-located APs on 6 GHz
nl80211: Scan extra IEs - hexdump(len=139): 7f 0b 04 00 4a 02 01 00 40 40 00 00 20 dd 69 00 50 f2 04 10 4a 00 01 10 10 3a 00 01 00 10 08 00 02 31 08 10 47 00 10 ca 22 f6 35 ac d6 5b be b5 c9 1e 5c 51 20 8f f6 10 54 00 08 00 00 00 00 00 00 00 00 10 3c 00 01 03 10 02 00 02 00 00 10 09 00 02 00 00 10 12 00 02 00 00 10 21 00 01 20 10 23 00 01 20 10 24 00 01 20 10 11 00 01 20 10 49 00 06 00 37 2a 00 01 20 dd 11 50 6f 9a 09 02 02 00 25 00 06 05 00 58 58 04 51 01
nl80211: Scan frequency 2462 MHz
Scan requested (ret=0) - scan timeout 20 seconds
nl80211: Event message available
nl80211: Drv Event 33 (NL80211_CMD_TRIGGER_SCAN) received for wlan3
wlan3: nl80211: Scan trigger
wlan3: Event SCAN_STARTED (47) received
wlan3: Own scan request started a scan in 0.000031 seconds
RTM_NEWLINK: ifi_index=10 ifname=wlan3 wext ifi_family=0 ifi_flags=0x1003 ([UP])
nl80211: Event message available
nl80211: Drv Event 34 (NL80211_CMD_NEW_SCAN_RESULTS) received for wlan3
wlan3: nl80211: New scan results available
nl80211: Scan probed for SSID ''
nl80211: Scan included frequencies: 2462
wlan3: Event SCAN_RESULTS (3) received
wlan3: Scan completed in 0.044142 seconds
nl80211: Received scan results (1 BSSes)
wlan3: BSS: Start scan result update 1
wlan3: BSS: Add new id 0 BSSID c4:e9:84:db:fb:7b SSID 'kuleuven' freq 2462
BSS: last_scan_res_used=1/32
wlan3: New scan results available (own=1 ext=0)
wlan3: Radio work 'scan'@0x5a3773b4d360 done in 0.044672 seconds
wlan3: radio_work_free('scan'@0x5a3773b4d360): num_active_works --> 0
wlan3: Selecting BSS from priority group 0
wlan3: 0: c4:e9:84:db:fb:7b ssid='kuleuven' wpa_ie_len=0 rsn_ie_len=20 caps=0x411 level=-20 freq=2462 
wlan3:    selected based on RSN IE
wlan3: MLD: No Multi-Link element
wlan3:    selected BSS c4:e9:84:db:fb:7b ssid='kuleuven'
wlan3: Considering connect request: reassociate: 0  selected: c4:e9:84:db:fb:7b  bssid: 00:00:00:00:00:00  pending: 00:00:00:00:00:00  wpa_state: SCANNING  ssid=0x5a3773ac1b90  current_ssid=(nil)
wlan3: Request association with c4:e9:84:db:fb:7b
TDLS: TDLS is allowed in the target BSS
TDLS: TDLS channel switch allowed in the target BSS
wlan3: No ongoing scan/p2p-scan found to abort
wlan3: Add radio work 'sme-connect'@0x5a3773b4d360
wlan3: First radio work item in the queue - schedule start immediately
RSN: Ignored PMKID candidate without preauth flag
p2p-dev-wlan3: Updating scan results from sibling
nl80211: Received scan results (1 BSSes)
p2p-dev-wlan3: BSS: Start scan result update 1
p2p-dev-wlan3: BSS: Add new id 0 BSSID c4:e9:84:db:fb:7b SSID 'kuleuven' freq 2462
BSS: last_scan_res_used=1/32
wlan3: Starting radio work 'sme-connect'@0x5a3773b4d360 after 0.000072 second wait
wlan3: WPA: clearing own WPA/RSN IE
wlan3: RSN: clearing own RSNXE
wlan3: Automatic auth_alg selection: 0x1
RSN: PMKSA cache search - network_ctx=(nil) try_opportunistic=0 akmp=0x0
RSN: Search for BSSID c4:e9:84:db:fb:7b
RSN: No PMKSA cache entry found
wlan3: RSN: using IEEE 802.11i/D9.0
wlan3: WPA: Selected cipher suites: group 16 pairwise 16 key_mgmt 1 proto 2
wlan3: WPA: Selected mgmt group cipher 32
wlan3: WPA: clearing AP WPA IE
WPA: set AP RSN IE - hexdump(len=22): 30 14 01 00 00 0f ac 04 01 00 00 0f ac 04 01 00 00 0f ac 01 0c 00
wlan3: WPA: clearing AP RSNXE
wlan3: WPA: AP group 0x10 network profile group 0x10; available group 0x10
wlan3: WPA: using GTK CCMP
wlan3: WPA: AP pairwise 0x10 network profile pairwise 0x10; available pairwise 0x10
wlan3: WPA: using PTK CCMP
wlan3: WPA: AP key_mgmt 0x1 network profile key_mgmt 0x1; available key_mgmt 0x1
wlan3: WPA: using KEY_MGMT 802.1X
wlan3: WPA: AP mgmt_group_cipher 0x20 network profile mgmt_group_cipher 0x0; available mgmt_group_cipher 0x0
wlan3: WPA: not using MGMT group cipher
WPA: Set own WPA IE default - hexdump(len=22): 30 14 01 00 00 0f ac 04 01 00 00 0f ac 04 01 00 00 0f ac 01 0c 00
RSN: Set own RSNXE default - hexdump(len=0):
WPA: No current PMKSA - clear PMK
RRM: Determining whether RRM can be used - device support: 0x10
RRM: No RRM in network
Added supported operating classes IE - hexdump(len=31): 3b 1d 51 51 53 54 73 74 75 76 77 78 79 7a 7b 7c 7d 7e 7f 80 81 83 84 85 86 89 00 82 80 87 85
EAPOL: External notification - EAP success=0
EAPOL: External notification - EAP fail=0
EAPOL: External notification - portControl=Auto
wlan3: Cancelling scan request
wlan3: SME: Trying to authenticate with c4:e9:84:db:fb:7b (SSID='kuleuven' freq=2462 MHz)
EAPOL: External notification - portValid=0
wlan3: State: SCANNING -> AUTHENTICATING
wlan3: Determining shared radio frequencies (max len 1)
wlan3: Shared frequencies (len=0): completed iteration
P2P: Add operating class 81
P2P: Channels - hexdump(len=11): 01 02 03 04 05 06 07 08 09 0a 0b
P2P: Add operating class 115
P2P: Channels - hexdump(len=4): 24 28 2c 30
P2P: Add operating class 116
P2P: Channels - hexdump(len=2): 24 2c
P2P: Add operating class 117
P2P: Channels - hexdump(len=2): 28 30
P2P: Add operating class 124
P2P: Channels - hexdump(len=4): 95 99 9d a1
P2P: Add operating class 125
P2P: Channels - hexdump(len=5): 95 99 9d a1 a5
P2P: Add operating class 126
P2P: Channels - hexdump(len=2): 95 9d
P2P: Add operating class 127
P2P: Channels - hexdump(len=2): 99 a1
P2P: Add operating class 128
P2P: Channels - hexdump(len=8): 24 28 2c 30 95 99 9d a1
P2P: Add operating class 130
P2P: Channels - hexdump(len=9): 24 28 2c 30 95 99 9d a1 a5
P2P: Update channel list
P2P: channels: 81:1,2,3,4,5,6,7,8,9,10,11 115:36,40,44,48 116:36,44 117:40,48 124:149,153,157,161 125:149,153,157,161,165 126:149,157 127:153,161 128:36,40,44,48,149,153,157,161 130:36,40,44,48,149,153,157,161,165
P2P: cli_channels:
wlan3: Determining shared radio frequencies (max len 1)
wlan3: Shared frequencies (len=0): completed iteration
nl80211: Authenticate (ifindex=10)
  * bssid=c4:e9:84:db:fb:7b
  * freq=2462
  * SSID=kuleuven
  * IEs - hexdump(len=0): [NULL]
  * Auth Type 0
nl80211: Authentication request send successfully
nl80211: Event message available
nl80211: Drv Event 19 (NL80211_CMD_NEW_STATION) received for wlan3
nl80211: New station c4:e9:84:db:fb:7b
nl80211: Event message available
nl80211: Ignored event 19 (NL80211_CMD_NEW_STATION) for foreign interface (ifindex 7 wdev 0x0 wiphy -1)
nl80211: Event message available
nl80211: Ignored event 60 (NL80211_CMD_FRAME_TX_STATUS) for foreign interface (ifindex 7 wdev 0x0 wiphy -1)
nl80211: Event message available
nl80211: Drv Event 37 (NL80211_CMD_AUTHENTICATE) received for wlan3
nl80211: MLME event 37 (NL80211_CMD_AUTHENTICATE) on wlan3(60:03:08:8e:a2:50) A1=60:03:08:8e:a2:50 A2=c4:e9:84:db:fb:7b on link_id=-1
nl80211: MLME event frame - hexdump(len=30): b0 00 3a 01 60 03 08 8e a2 50 c4 e9 84 db fb 7b c4 e9 84 db fb 7b b0 5c 00 00 02 00 00 00
nl80211: Authenticate event
wlan3: Event AUTH (10) received
wlan3: SME: Authentication response: peer=c4:e9:84:db:fb:7b auth_type=0 auth_transaction=2 status_code=0
SME: Authentication response IEs - hexdump(len=0): [NULL]
SME: Association Request IEs - hexdump(len=63): 30 14 01 00 00 0f ac 04 01 00 00 0f ac 04 01 00 00 0f ac 01 0c 00 7f 08 04 00 4a 02 01 00 00 40 3b 1d 51 51 53 54 73 74 75 76 77 78 79 7a 7b 7c 7d 7e 7f 80 81 83 84 85 86 89 00 82 80 87 85
wlan3: Trying to associate with c4:e9:84:db:fb:7b (SSID='kuleuven' freq=2462 MHz)
wlan3: State: AUTHENTICATING -> ASSOCIATING
nl80211: Set wlan3 operstate 0->0 (DORMANT)
netlink: Operstate: ifindex=10 linkmode=-1 (no change), operstate=5 (IF_OPER_DORMANT)
wlan3: Determining shared radio frequencies (max len 1)
wlan3: Shared frequencies (len=0): completed iteration
P2P: Add operating class 81
P2P: Channels - hexdump(len=11): 01 02 03 04 05 06 07 08 09 0a 0b
P2P: Add operating class 115
P2P: Channels - hexdump(len=4): 24 28 2c 30
P2P: Add operating class 116
P2P: Channels - hexdump(len=2): 24 2c
P2P: Add operating class 117
P2P: Channels - hexdump(len=2): 28 30
P2P: Add operating class 124
P2P: Channels - hexdump(len=4): 95 99 9d a1
P2P: Add operating class 125
P2P: Channels - hexdump(len=5): 95 99 9d a1 a5
P2P: Add operating class 126
P2P: Channels - hexdump(len=2): 95 9d
P2P: Add operating class 127
P2P: Channels - hexdump(len=2): 99 a1
P2P: Add operating class 128
P2P: Channels - hexdump(len=8): 24 28 2c 30 95 99 9d a1
P2P: Add operating class 130
P2P: Channels - hexdump(len=9): 24 28 2c 30 95 99 9d a1 a5
P2P: Update channel list
P2P: channels: 81:1,2,3,4,5,6,7,8,9,10,11 115:36,40,44,48 116:36,44 117:40,48 124:149,153,157,161 125:149,153,157,161,165 126:149,157 127:153,161 128:36,40,44,48,149,153,157,161 130:36,40,44,48,149,153,157,161,165
P2P: cli_channels:
WPA: set own WPA/RSN IE - hexdump(len=22): 30 14 01 00 00 0f ac 04 01 00 00 0f ac 04 01 00 00 0f ac 01 0c 00
wlan3: RSN: clearing own RSNXE
nl80211: Associate (ifindex=10)
  * bssid=c4:e9:84:db:fb:7b
  * freq=2462
  * SSID=kuleuven
  * IEs - hexdump(len=63): 30 14 01 00 00 0f ac 04 01 00 00 0f ac 04 01 00 00 0f ac 01 0c 00 7f 08 04 00 4a 02 01 00 00 40 3b 1d 51 51 53 54 73 74 75 76 77 78 79 7a 7b 7c 7d 7e 7f 80 81 83 84 85 86 89 00 82 80 87 85
  * WPA Versions 0x2
  * pairwise=0xfac04
  * group=0xfac04
  * akm[0]=0xfac01
nl80211: Association request send successfully
nl80211: Event message available
nl80211: Ignored event 60 (NL80211_CMD_FRAME_TX_STATUS) for foreign interface (ifindex 7 wdev 0x0 wiphy -1)
RTM_NEWLINK: ifi_index=10 ifname=wlan3 wext ifi_family=0 ifi_flags=0x11003 ([UP][LOWER_UP])
RTM_NEWLINK: ifi_index=10 ifname=wlan3 wext ifi_family=0 ifi_flags=0x11003 ([UP][LOWER_UP])
RTM_NEWLINK: ifi_index=10 ifname=wlan3 wext ifi_family=0 ifi_flags=0x11003 ([UP][LOWER_UP])
RTM_NEWLINK: ifi_index=10 ifname=wlan3 operstate=5 linkmode=1 ifi_family=0 ifi_flags=0x11003 ([UP][LOWER_UP])
nl80211: Event message available
nl80211: Drv Event 38 (NL80211_CMD_ASSOCIATE) received for wlan3
nl80211: MLME event 38 (NL80211_CMD_ASSOCIATE) on wlan3(60:03:08:8e:a2:50) A1=60:03:08:8e:a2:50 A2=c4:e9:84:db:fb:7b on link_id=-1
nl80211: MLME event frame - hexdump(len=82): 10 00 3a 01 60 03 08 8e a2 50 c4 e9 84 db fb 7b c4 e9 84 db fb 7b c0 5c 11 04 00 00 01 c0 01 08 82 84 8b 96 0c 12 18 24 32 04 30 48 60 6c 7f 08 04 00 00 00 00 00 00 40 dd 18 00 50 f2 02 01 01 01 00 03 a4 00 00 27 a4 00 00 42 43 5e 00 62 32 2f 00
nl80211: Associate event
nl80211: Associated on 2462 MHz
nl80211: Associated with c4:e9:84:db:fb:7b
nl80211: Set drv->ssid based on scan res info to 'kuleuven'
wlan3: Event ASSOC (0) received
wlan3: Association info event
req_ies - hexdump(len=98): 00 08 6b 75 6c 65 75 76 65 6e 01 08 02 04 0b 16 0c 12 18 24 32 04 30 48 60 6c 30 14 01 00 00 0f ac 04 01 00 00 0f ac 04 01 00 00 0f ac 01 0c 00 7f 08 04 00 4a 02 01 00 00 40 3b 1d 51 51 53 54 73 74 75 76 77 78 79 7a 7b 7c 7d 7e 7f 80 81 83 84 85 86 89 00 82 80 87 85 dd 07 00 50 f2 02 00 01 00
resp_ies - hexdump(len=52): 01 08 82 84 8b 96 0c 12 18 24 32 04 30 48 60 6c 7f 08 04 00 00 00 00 00 00 40 dd 18 00 50 f2 02 01 01 01 00 03 a4 00 00 27 a4 00 00 42 43 5e 00 62 32 2f 00
wlan3: freq=2462 MHz
WPA: set own WPA/RSN IE - hexdump(len=22): 30 14 01 00 00 0f ac 04 01 00 00 0f ac 04 01 00 00 0f ac 01 0c 00
wlan3: RSN: clearing own RSNXE
wlan3: State: ASSOCIATING -> ASSOCIATED
nl80211: Set wlan3 operstate 0->0 (DORMANT)
netlink: Operstate: ifindex=10 linkmode=-1 (no change), operstate=5 (IF_OPER_DORMANT)
wlan3: Determining shared radio frequencies (max len 1)
wlan3: Shared frequencies (len=1): completed iteration
wlan3: freq[0]: 2462, flags=0x1
P2P: Add operating class 81
P2P: Channels - hexdump(len=11): 01 02 03 04 05 06 07 08 09 0a 0b
P2P: Add operating class 115
P2P: Channels - hexdump(len=4): 24 28 2c 30
P2P: Add operating class 116
P2P: Channels - hexdump(len=2): 24 2c
P2P: Add operating class 117
P2P: Channels - hexdump(len=2): 28 30
P2P: Add operating class 124
P2P: Channels - hexdump(len=4): 95 99 9d a1
P2P: Add operating class 125
P2P: Channels - hexdump(len=5): 95 99 9d a1 a5
P2P: Add operating class 126
P2P: Channels - hexdump(len=2): 95 9d
P2P: Add operating class 127
P2P: Channels - hexdump(len=2): 99 a1
P2P: Add operating class 128
P2P: Channels - hexdump(len=8): 24 28 2c 30 95 99 9d a1
P2P: Add operating class 130
P2P: Channels - hexdump(len=9): 24 28 2c 30 95 99 9d a1 a5
P2P: Update channel list
P2P: channels: 81:1,2,3,4,5,6,7,8,9,10,11 115:36,40,44,48 116:36,44 117:40,48 124:149,153,157,161 125:149,153,157,161,165 126:149,157 127:153,161 128:36,40,44,48,149,153,157,161 130:36,40,44,48,149,153,157,161,165
P2P: cli_channels:
wlan3: Associated to a new BSS: BSSID=c4:e9:84:db:fb:7b
wlan3: Associated with c4:e9:84:db:fb:7b
wlan3: WPA: Association event - clear replay counter
wlan3: WPA: Clear old PTK
TDLS: Remove peers on association
EAPOL: External notification - portEnabled=0
EAPOL: External notification - portValid=0
EAPOL: External notification - portEnabled=1
EAPOL: SUPP_PAE entering state CONNECTING
EAPOL: SUPP_BE entering state IDLE
EAP: EAP entering state INITIALIZE
EAP: EAP entering state IDLE
wlan3: Setting authentication timeout: 10 sec 0 usec
wlan3: Cancelling scan request
WMM AC: AC mandatory: AC_BE=0 AC_BK=0 AC_VI=0 AC_VO=0
WMM AC: U-APSD queues=0x0
WMM AC: Valid WMM association, WMM AC is enabled
wlan3: CTRL-EVENT-SUBNET-STATUS-UPDATE status=0
nl80211: Event message available
nl80211: Drv Event 46 (NL80211_CMD_CONNECT) received for wlan3
nl80211: Ignore connect event (cmd=46) when using userspace SME
nl80211: Event message available
nl80211: Ignored event 139 (NL80211_CMD_CONTROL_PORT_FRAME_TX_STATUS) for foreign interface (ifindex 7 wdev 0x0 wiphy -1)
nl80211: Event message available
nl80211: BSS Event 129 (NL80211_CMD_CONTROL_PORT_FRAME) received for wlan3
wlan3: Event EAPOL_RX (23) received
wlan3: RX EAPOL from c4:e9:84:db:fb:7b (encrypted=0)
RX EAPOL - hexdump(len=9): 02 00 00 05 01 1d 00 05 01
wlan3: Setting authentication timeout: 70 sec 0 usec
EAPOL: Received EAP-Packet frame
EAPOL: SUPP_PAE entering state RESTART
EAP: EAP entering state INITIALIZE
EAP: EAP entering state IDLE
EAPOL: SUPP_PAE entering state AUTHENTICATING
EAPOL: SUPP_BE entering state REQUEST
EAPOL: getSuppRsp
EAP: EAP entering state RECEIVED
EAP: Received EAP-Request id=29 method=1 vendor=0 vendorMethod=0
EAP: EAP entering state IDENTITY
wlan3: CTRL-EVENT-EAP-STARTED EAP authentication started
EAP: Status notification: started (param=)
EAP: EAP-Request Identity data - hexdump_ascii(len=0):
EAP: using real identity - hexdump_ascii(len=5):
     6d 61 74 68 79                                    mathy           
EAP: EAP entering state SEND_RESPONSE
EAP: EAP entering state IDLE
EAPOL: SUPP_BE entering state RESPONSE
EAPOL: txSuppRsp
TX EAPOL: dst=c4:e9:84:db:fb:7b
TX EAPOL - hexdump(len=14): 01 00 00 0a 02 1d 00 0a 01 6d 61 74 68 79
nl80211: Send over control port dest=c4:e9:84:db:fb:7b proto=0x888e len=14 no_encrypt=1
nl80211: tx_control_port cookie=0x71
EAPOL: SUPP_BE entering state RECEIVE
nl80211: Event message available
nl80211: Drv Event 139 (NL80211_CMD_CONTROL_PORT_FRAME_TX_STATUS) received for wlan3
nl80211: Control port TX status (ack=1), cookie=113
wlan3: Event EAPOL_TX_STATUS (37) received
nl80211: Event message available
nl80211: Ignored event 139 (NL80211_CMD_CONTROL_PORT_FRAME_TX_STATUS) for foreign interface (ifindex 7 wdev 0x0 wiphy -1)
nl80211: Event message available
nl80211: BSS Event 129 (NL80211_CMD_CONTROL_PORT_FRAME) received for wlan3
wlan3: Event EAPOL_RX (23) received
wlan3: RX EAPOL from c4:e9:84:db:fb:7b (encrypted=0)
RX EAPOL - hexdump(len=10): 02 00 00 06 01 1e 00 06 19 21
EAPOL: Received EAP-Packet frame
EAPOL: SUPP_BE entering state REQUEST
EAPOL: getSuppRsp
EAP: EAP entering state RECEIVED
EAP: Received EAP-Request id=30 method=25 vendor=0 vendorMethod=0
EAP: EAP entering state GET_METHOD
wlan3: CTRL-EVENT-EAP-PROPOSED-METHOD vendor=0 method=25
EAP: Status notification: accept proposed method (param=PEAP)
EAP: Initialize selected EAP method: vendor 0 method 25 (PEAP)
TLS: Phase2 EAP types - hexdump(len=88): 00 00 00 00 04 00 00 00 00 00 00 00 1a 00 00 00 00 00 00 00 06 00 00 00 00 00 00 00 05 00 00 00 00 00 00 00 11 00 00 00 00 00 00 00 2e 00 00 00 00 00 00 00 30 00 00 00 00 00 00 00 33 00 00 00 00 00 00 00 31 00 00 00 00 00 00 00 26 00 00 00 00 00 00 00 34 00 00 00
TLS: using phase1 config options
wlan3: CTRL-EVENT-EAP-METHOD EAP vendor 0 method 25 (PEAP) selected
EAP: EAP entering state METHOD
SSL: Received packet(len=6) - Flags 0x21
EAP-PEAP: Start (server ver=1, own ver=1)
EAP-PEAP: Using PEAP version 1
SSL: (where=0x10 ret=0x1)
SSL: (where=0x1001 ret=0x1)
SSL: SSL_connect:before SSL initialization
OpenSSL: TX ver=0x301 content_type=256 (TLS header info/)
OpenSSL: Message - hexdump(len=5): 16 03 01 00 b9
OpenSSL: TX ver=0x303 content_type=22 (handshake/client hello)
OpenSSL: Message - hexdump(len=185): 01 00 00 b5 03 03 f3 ba 14 21 5f 76 ec 43 92 03 c2 0d c7 4c 3b 37 8a c9 fb 63 d2 4c 8b f0 fb ee 3c bc 28 ee 90 d1 00 00 38 c0 2c c0 30 00 9f cc a9 cc a8 cc aa c0 2b c0 2f 00 9e c0 24 c0 28 00 6b c0 23 c0 27 00 67 c0 0a c0 14 00 39 c0 09 c0 13 00 33 00 9d 00 9c 00 3d 00 3c 00 35 00 2f 00 ff 01 00 00 54 00 0b 00 04 03 00 01 02 00 0a 00 0c 00 0a 00 1d 00 17 00 1e 00 19 00 18 00 16 00 00 00 17 00 00 00 0d 00 30 00 2e 04 03 05 03 06 03 08 07 08 08 08 1a 08 1b 08 1c 08 09 08 0a 08 0b 08 04 08 05 08 06 04 01 05 01 06 01 03 03 03 01 03 02 04 02 05 02 06 02
SSL: (where=0x1001 ret=0x1)
SSL: SSL_connect:SSLv3/TLS write client hello
SSL: (where=0x1002 ret=0xffffffff)
SSL: SSL_connect:error in SSLv3/TLS write client hello
SSL: SSL_connect - want more data
SSL: 190 bytes pending from ssl_out
SSL: Using TLS version TLSv1.2
SSL: 190 bytes left to be sent out (of total 190 bytes)
EAP: method process -> ignore=FALSE methodState=MAY_CONT decision=FAIL eapRespData=0x5a3773b54650
EAP: EAP entering state SEND_RESPONSE
EAP: EAP entering state IDLE
EAPOL: SUPP_BE entering state RESPONSE
EAPOL: txSuppRsp
TX EAPOL: dst=c4:e9:84:db:fb:7b
TX EAPOL - hexdump(len=200): 01 00 00 c4 02 1e 00 c4 19 01 16 03 01 00 b9 01 00 00 b5 03 03 f3 ba 14 21 5f 76 ec 43 92 03 c2 0d c7 4c 3b 37 8a c9 fb 63 d2 4c 8b f0 fb ee 3c bc 28 ee 90 d1 00 00 38 c0 2c c0 30 00 9f cc a9 cc a8 cc aa c0 2b c0 2f 00 9e c0 24 c0 28 00 6b c0 23 c0 27 00 67 c0 0a c0 14 00 39 c0 09 c0 13 00 33 00 9d 00 9c 00 3d 00 3c 00 35 00 2f 00 ff 01 00 00 54 00 0b 00 04 03 00 01 02 00 0a 00 0c 00 0a 00 1d 00 17 00 1e 00 19 00 18 00 16 00 00 00 17 00 00 00 0d 00 30 00 2e 04 03 05 03 06 03 08 07 08 08 08 1a 08 1b 08 1c 08 09 08 0a 08 0b 08 04 08 05 08 06 04 01 05 01 06 01 03 03 03 01 03 02 04 02 05 02 06 02
nl80211: Send over control port dest=c4:e9:84:db:fb:7b proto=0x888e len=200 no_encrypt=1
nl80211: tx_control_port cookie=0x72
EAPOL: SUPP_BE entering state RECEIVE
nl80211: Event message available
nl80211: Drv Event 139 (NL80211_CMD_CONTROL_PORT_FRAME_TX_STATUS) received for wlan3
nl80211: Control port TX status (ack=1), cookie=114
wlan3: Event EAPOL_TX_STATUS (37) received
nl80211: Event message available
nl80211: Ignored event 139 (NL80211_CMD_CONTROL_PORT_FRAME_TX_STATUS) for foreign interface (ifindex 7 wdev 0x0 wiphy -1)
nl80211: Event message available
nl80211: BSS Event 129 (NL80211_CMD_CONTROL_PORT_FRAME) received for wlan3
wlan3: Event EAPOL_RX (23) received
wlan3: RX EAPOL from c4:e9:84:db:fb:7b (encrypted=0)
RX EAPOL - hexdump(len=1407): 02 00 05 7b 01 1f 05 7b 19 c1 00 00 08 23 16 03 03 00 3d 02 00 00 39 03 03 c6 21 e1 ef 41 2b b4 6f 5e ef 76 04 9c 94 e3 0b 62 ce 8e 84 e6 e5 f9 5a 1b 82 a5 a2 98 61 e7 ad 00 c0 2c 00 00 11 ff 01 00 01 00 00 0b 00 04 03 00 01 02 00 17 00 00 16 03 03 07 5b 0b 00 07 57 00 07 54 00 03 e0 30 82 03 dc 30 82 03 81 a0 03 02 01 02 02 01 02 30 0a 06 08 2a 86 48 ce 3d 04 03 02 30 81 92 31 0b 30 09 06 03 55 04 06 13 02 46 52 31 0f 30 0d 06 03 55 04 08 0c 06 52 61 64 69 75 73 31 12 30 10 06 03 55 04 07 0c 09 53 6f 6d 65 77 68 65 72 65 31 14 30 12 06 03 55 04 0a 0c 0b 45 78 61 6d 70 6c 65 20 49 6e 63 31 20 30 1e 06 09 2a 86 48 86 f7 0d 01 09 01 16 11 61 64 6d 69 6e 40 65 78 61 6d 70 6c 65 2e 6f 72 67 31 26 30 24 06 03 55 04 03 0c 1d 45 78 61 6d 70 6c 65 20 43 65 72 74 69 66 69 63 61 74 65 20 41 75 74 68 6f 72 69 74 79 30 1e 17 0d 32 34 30 35 30 36 30 32 32 30 34 38 5a 17 0d 32 34 30 37 30 35 30 32 32 30 34 38 5a 30 7b 31 0b 30 09 06 03 55 04 06 13 02 46 52 31 0f 30 0d 06 03 55 04 08 0c 06 52 61 64 69 75 73 31 14 30 12 06 03 55 04 0a 0c 0b 45 78 61 6d 70 6c 65 20 49 6e 63 31 23 30 21 06 03 55 04 03 0c 1a 45 78 61 6d 70 6c 65 20 53 65 72 76 65 72 20 43 65 72 74 69 66 69 63 61 74 65 31 20 30 1e 06 09 2a 86 48 86 f7 0d 01 09 01 16 11 61 64 6d 69 6e 40 65 78 61 6d 70 6c 65 2e 6f 72 67 30 59 30 13 06 07 2a 86 48 ce 3d 02 01 06 08 2a 86 48 ce 3d 03 01 07 03 42 00 04 29 70 50 97 b8 65 f7 b9 ae ab aa 76 eb d9 a3 6b a3 80 28 db b4 b8 83 11 8b 2f 2b b3 96 82 53 86 50 96 71 d7 77 c5 e4 c4 b1 69 f6 3a 5d eb a8 d3 81 e7 21 94 d2 22 c5 fd c1 44 37 55 16 52 2b 69 a3 82 01 dc 30 82 01 d8 30 1d 06 03 55 1d 0e 04 16 04 14 dd 5d 22 e9 99 15 fa c4 b6 1f 9f c8 70 7a 70 7c 3d 77 e9 df 30 81 d2 06 03 55 1d 23 04 81 ca 30 81 c7 80 14 72 95 29 cd 6e b2 64 f4 22 64 76 49 fb c5 c8 e8 b8 50 85 95 a1 81 98 a4 81 95 30 81 92 31 0b 30 09 06 03 55 04 06 13 02 46 52 31 0f 30 0d 06 03 55 04 08 0c 06 52 61 64 69 75 73 31 12 30 10 06 03 55 04 07 0c 09 53 6f 6d 65 77 68 65 72 65 31 14 30 12 06 03 55 04 0a 0c 0b 45 78 61 6d 70 6c 65 20 49 6e 63 31 20 30 1e 06 09 2a 86 48 86 f7 0d 01 09 01 16 11 61 64 6d 69 6e 40 65 78 61 6d 70 6c 65 2e 6f 72 67 31 26 30 24 06 03 55 04 03 0c 1d 45 78 61 6d 70 6c 65 20 43 65 72 74 69 66 69 63 61 74 65 20 41 75 74 68 6f 72 69 74 79 82 14 0d 11 18 33 99 6a 08 2a f0 bb 5c c9 c5 cc 74 fa 92 89 4b 00 30 09 06 03 55 1d 13 04 02 30 00 30 0b 06 03 55 1d 0f 04 04 03 02 05 e0 30 1d 06 03 55 1d 25 04 16 30 14 06 08 2b 06 01 05 05 07 03 01 06 08 2b 06 01 05 05 07 03 0e 30 36 06 03 55 1d 1f 04 2f 30 2d 30 2b a0 29 a0 27 86 25 68 74 74 70 3a 2f 2f 77 77 77 2e 65 78 61 6d 70 6c 65 2e 63 6f 6d 2f 65 78 61 6d 70 6c 65 5f 63 61 2e 63 72 6c 30 37 06 08 2b 06 01 05 05 07 01 01 04 2b 30 29 30 27 06 08 2b 06 01 05 05 07 30 01 86 1b 68 74 74 70 3a 2f 2f 77 77 77 2e 65 78 61 6d 70 6c 65 2e 6f 72 67 2f 6f 63 73 70 30 3a 06 03 55 1d 11 04 33 30 31 82 12 72 61 64 69 75 73 2e 65 78 61 6d 70 6c 65 2e 6f 72 67 a0 1b 06 08 2b 06 01 05 05 07 08 08 a0 0f 0c 0d 2a 2e 65 78 61 6d 70 6c 65 2e 63 6f 6d 30 0a 06 08 2a 86 48 ce 3d 04 03 02 03 49 00 30 46 02 21 00 c6 ec 5f 8e e6 46 71 fa 69 b6 f3 72 4e 57 32 13 7a 2a ec c9 14 3d 49 5d 03 8c 69 84 dc b6 41 0c 02 21 00 9a c5 96 4b 82 d0 bb 73 ee ce d2 65 7e 5c 3f c2 11 2d d7 90 55 65 35 57 c8 1e e1 36 53 75 40 a5 00 03 6e 30 82 03 6a 30 82 03 11 a0 03 02 01 02 02 14 0d 11 18 33 99 6a 08 2a f0 bb 5c c9 c5 cc 74 fa 92 89 4b 00 30 0a 06 08 2a 86 48 ce 3d 04 03 02 30 81 92 31 0b 30 09 06 03 55 04 06 13 02 46 52 31 0f 30 0d 06 03 55 04 08 0c 06 52 61 64 69 75 73 31 12 30 10 06 03 55 04 07 0c 09 53 6f 6d 65 77 68 65 72 65 31 14 30 12 06 03 55 04 0a 0c 0b 45 78 61 6d 70 6c 65 20 49 6e 63 31 20 30 1e 06 09 2a 86 48 86 f7 0d 01 09 01 16 11 61 64 6d 69 6e 40 65 78 61 6d 70 6c 65 2e 6f 72 67 31 26 30 24 06 03 55 04 03 0c 1d 45 78 61 6d 70 6c 65 20 43 65 72 74 69 66 69 63 61 74 65 20 41 75 74 68 6f 72 69 74 79 30 1e 17 0d 32 34 30 35 30 36 30 32 32 30 34 38 5a 17 0d 32 34 30 37 30 35 30 32 32 30 34 38 5a 30 81 92 31 0b 30 09 06 03 55 04 06 13 02 46 52 31 0f 30 0d 06 03 55 04 08 0c 06 52 61 64 69 75 73 31 12 30 10 06 03 55 04 07 0c 09 53 6f 6d 65 77 68 65 72 65 31 14 30 12 06 03 55 04 0a 0c 0b 45 78 61 6d 70 6c 65 20 49 6e 63 31 20 30 1e 06 09 2a 86 48 86 f7 0d 01 09
EAPOL: Received EAP-Packet frame
EAPOL: SUPP_BE entering state REQUEST
EAPOL: getSuppRsp
EAP: EAP entering state RECEIVED
EAP: Received EAP-Request id=31 method=25 vendor=0 vendorMethod=0
EAP: EAP entering state METHOD
SSL: Received packet(len=1403) - Flags 0xc1
SSL: TLS Message Length: 2083
SSL: Need 690 bytes more input data
SSL: Building ACK (type=25 id=31 ver=1)
EAP: method process -> ignore=FALSE methodState=MAY_CONT decision=FAIL eapRespData=0x5a3773b53f20
EAP: EAP entering state SEND_RESPONSE
EAP: EAP entering state IDLE
EAPOL: SUPP_BE entering state RESPONSE
EAPOL: txSuppRsp
TX EAPOL: dst=c4:e9:84:db:fb:7b
TX EAPOL - hexdump(len=10): 01 00 00 06 02 1f 00 06 19 01
nl80211: Send over control port dest=c4:e9:84:db:fb:7b proto=0x888e len=10 no_encrypt=1
nl80211: tx_control_port cookie=0x73
EAPOL: SUPP_BE entering state RECEIVE
nl80211: Event message available
nl80211: Drv Event 139 (NL80211_CMD_CONTROL_PORT_FRAME_TX_STATUS) received for wlan3
nl80211: Control port TX status (ack=1), cookie=115
wlan3: Event EAPOL_TX_STATUS (37) received
nl80211: Event message available
nl80211: Ignored event 139 (NL80211_CMD_CONTROL_PORT_FRAME_TX_STATUS) for foreign interface (ifindex 7 wdev 0x0 wiphy -1)
nl80211: Event message available
nl80211: BSS Event 129 (NL80211_CMD_CONTROL_PORT_FRAME) received for wlan3
wlan3: Event EAPOL_RX (23) received
wlan3: RX EAPOL from c4:e9:84:db:fb:7b (encrypted=0)
RX EAPOL - hexdump(len=700): 02 00 02 b8 01 20 02 b8 19 01 01 16 11 61 64 6d 69 6e 40 65 78 61 6d 70 6c 65 2e 6f 72 67 31 26 30 24 06 03 55 04 03 0c 1d 45 78 61 6d 70 6c 65 20 43 65 72 74 69 66 69 63 61 74 65 20 41 75 74 68 6f 72 69 74 79 30 59 30 13 06 07 2a 86 48 ce 3d 02 01 06 08 2a 86 48 ce 3d 03 01 07 03 42 00 04 03 05 16 10 ab 46 2c fb a9 71 86 ad 83 7a f0 ed be 09 82 cd ee 8b c5 92 7d d8 ff 6b 78 e5 7f a7 7e 4f 06 1d 64 f6 27 0a 08 4a 46 0d 7b 05 1e 82 32 b1 bc 58 14 f9 4a 99 2a 41 01 9c 18 58 1c 86 a3 82 01 41 30 82 01 3d 30 1d 06 03 55 1d 0e 04 16 04 14 72 95 29 cd 6e b2 64 f4 22 64 76 49 fb c5 c8 e8 b8 50 85 95 30 81 d2 06 03 55 1d 23 04 81 ca 30 81 c7 80 14 72 95 29 cd 6e b2 64 f4 22 64 76 49 fb c5 c8 e8 b8 50 85 95 a1 81 98 a4 81 95 30 81 92 31 0b 30 09 06 03 55 04 06 13 02 46 52 31 0f 30 0d 06 03 55 04 08 0c 06 52 61 64 69 75 73 31 12 30 10 06 03 55 04 07 0c 09 53 6f 6d 65 77 68 65 72 65 31 14 30 12 06 03 55 04 0a 0c 0b 45 78 61 6d 70 6c 65 20 49 6e 63 31 20 30 1e 06 09 2a 86 48 86 f7 0d 01 09 01 16 11 61 64 6d 69 6e 40 65 78 61 6d 70 6c 65 2e 6f 72 67 31 26 30 24 06 03 55 04 03 0c 1d 45 78 61 6d 70 6c 65 20 43 65 72 74 69 66 69 63 61 74 65 20 41 75 74 68 6f 72 69 74 79 82 14 0d 11 18 33 99 6a 08 2a f0 bb 5c c9 c5 cc 74 fa 92 89 4b 00 30 0f 06 03 55 1d 13 01 01 ff 04 05 30 03 01 01 ff 30 36 06 03 55 1d 1f 04 2f 30 2d 30 2b a0 29 a0 27 86 25 68 74 74 70 3a 2f 2f 77 77 77 2e 65 78 61 6d 70 6c 65 2e 63 6f 6d 2f 65 78 61 6d 70 6c 65 5f 63 61 2e 63 72 6c 30 0a 06 08 2a 86 48 ce 3d 04 03 02 03 47 00 30 44 02 20 21 a6 e5 f0 3f 13 01 02 55 9d 72 d3 c1 ea 1d 8e fb 4d 3b 76 3f 11 74 e0 65 4d 90 90 6e 19 fe c6 02 20 7a fe be cd 8b 6f 92 4f b8 13 41 44 99 46 a1 d5 7b b6 dd 56 a4 c3 95 ef c0 65 cf 60 dd 3e 6b f3 16 03 03 00 73 0c 00 00 6f 03 00 1d 20 ea 2f 70 c8 b7 68 db 87 e6 a6 8f 00 e4 33 af ef b9 4e 41 cb f3 65 fe b7 2e 77 b2 52 e2 2b be 25 04 03 00 47 30 45 02 21 00 c6 0c 4d 01 19 a2 80 3b be a9 8c 12 71 63 e0 37 be 7d 84 ed 35 ce 77 6b 08 1d d5 0e 9e aa 4b c1 02 20 09 cb e9 13 06 ce 2b b7 e4 22 2d f8 55 9d a8 1b 4f 1e bb 4b 6d b2 cb 2e 53 f0 3e 8b 7d a4 84 a5 16 03 03 00 04 0e 00 00 00
EAPOL: Received EAP-Packet frame
EAPOL: SUPP_BE entering state REQUEST
EAPOL: getSuppRsp
EAP: EAP entering state RECEIVED
EAP: Received EAP-Request id=32 method=25 vendor=0 vendorMethod=0
EAP: EAP entering state METHOD
SSL: Received packet(len=696) - Flags 0x01
OpenSSL: RX ver=0x303 content_type=256 (TLS header info/)
OpenSSL: Message - hexdump(len=5): 16 03 03 00 3d
SSL: (where=0x1001 ret=0x1)
SSL: SSL_connect:SSLv3/TLS write client hello
OpenSSL: RX ver=0x303 content_type=22 (handshake/server hello)
OpenSSL: Message - hexdump(len=61): 02 00 00 39 03 03 c6 21 e1 ef 41 2b b4 6f 5e ef 76 04 9c 94 e3 0b 62 ce 8e 84 e6 e5 f9 5a 1b 82 a5 a2 98 61 e7 ad 00 c0 2c 00 00 11 ff 01 00 01 00 00 0b 00 04 03 00 01 02 00 17 00 00
OpenSSL: RX ver=0x303 content_type=256 (TLS header info/)
OpenSSL: Message - hexdump(len=5): 16 03 03 07 5b
SSL: (where=0x1001 ret=0x1)
SSL: SSL_connect:SSLv3/TLS read server hello
OpenSSL: RX ver=0x303 content_type=22 (handshake/certificate)
OpenSSL: Message - hexdump(len=1883): 0b 00 07 57 00 07 54 00 03 e0 30 82 03 dc 30 82 03 81 a0 03 02 01 02 02 01 02 30 0a 06 08 2a 86 48 ce 3d 04 03 02 30 81 92 31 0b 30 09 06 03 55 04 06 13 02 46 52 31 0f 30 0d 06 03 55 04 08 0c 06 52 61 64 69 75 73 31 12 30 10 06 03 55 04 07 0c 09 53 6f 6d 65 77 68 65 72 65 31 14 30 12 06 03 55 04 0a 0c 0b 45 78 61 6d 70 6c 65 20 49 6e 63 31 20 30 1e 06 09 2a 86 48 86 f7 0d 01 09 01 16 11 61 64 6d 69 6e 40 65 78 61 6d 70 6c 65 2e 6f 72 67 31 26 30 24 06 03 55 04 03 0c 1d 45 78 61 6d 70 6c 65 20 43 65 72 74 69 66 69 63 61 74 65 20 41 75 74 68 6f 72 69 74 79 30 1e 17 0d 32 34 30 35 30 36 30 32 32 30 34 38 5a 17 0d 32 34 30 37 30 35 30 32 32 30 34 38 5a 30 7b 31 0b 30 09 06 03 55 04 06 13 02 46 52 31 0f 30 0d 06 03 55 04 08 0c 06 52 61 64 69 75 73 31 14 30 12 06 03 55 04 0a 0c 0b 45 78 61 6d 70 6c 65 20 49 6e 63 31 23 30 21 06 03 55 04 03 0c 1a 45 78 61 6d 70 6c 65 20 53 65 72 76 65 72 20 43 65 72 74 69 66 69 63 61 74 65 31 20 30 1e 06 09 2a 86 48 86 f7 0d 01 09 01 16 11 61 64 6d 69 6e 40 65 78 61 6d 70 6c 65 2e 6f 72 67 30 59 30 13 06 07 2a 86 48 ce 3d 02 01 06 08 2a 86 48 ce 3d 03 01 07 03 42 00 04 29 70 50 97 b8 65 f7 b9 ae ab aa 76 eb d9 a3 6b a3 80 28 db b4 b8 83 11 8b 2f 2b b3 96 82 53 86 50 96 71 d7 77 c5 e4 c4 b1 69 f6 3a 5d eb a8 d3 81 e7 21 94 d2 22 c5 fd c1 44 37 55 16 52 2b 69 a3 82 01 dc 30 82 01 d8 30 1d 06 03 55 1d 0e 04 16 04 14 dd 5d 22 e9 99 15 fa c4 b6 1f 9f c8 70 7a 70 7c 3d 77 e9 df 30 81 d2 06 03 55 1d 23 04 81 ca 30 81 c7 80 14 72 95 29 cd 6e b2 64 f4 22 64 76 49 fb c5 c8 e8 b8 50 85 95 a1 81 98 a4 81 95 30 81 92 31 0b 30 09 06 03 55 04 06 13 02 46 52 31 0f 30 0d 06 03 55 04 08 0c 06 52 61 64 69 75 73 31 12 30 10 06 03 55 04 07 0c 09 53 6f 6d 65 77 68 65 72 65 31 14 30 12 06 03 55 04 0a 0c 0b 45 78 61 6d 70 6c 65 20 49 6e 63 31 20 30 1e 06 09 2a 86 48 86 f7 0d 01 09 01 16 11 61 64 6d 69 6e 40 65 78 61 6d 70 6c 65 2e 6f 72 67 31 26 30 24 06 03 55 04 03 0c 1d 45 78 61 6d 70 6c 65 20 43 65 72 74 69 66 69 63 61 74 65 20 41 75 74 68 6f 72 69 74 79 82 14 0d 11 18 33 99 6a 08 2a f0 bb 5c c9 c5 cc 74 fa 92 89 4b 00 30 09 06 03 55 1d 13 04 02 30 00 30 0b 06 03 55 1d 0f 04 04 03 02 05 e0 30 1d 06 03 55 1d 25 04 16 30 14 06 08 2b 06 01 05 05 07 03 01 06 08 2b 06 01 05 05 07 03 0e 30 36 06 03 55 1d 1f 04 2f 30 2d 30 2b a0 29 a0 27 86 25 68 74 74 70 3a 2f 2f 77 77 77 2e 65 78 61 6d 70 6c 65 2e 63 6f 6d 2f 65 78 61 6d 70 6c 65 5f 63 61 2e 63 72 6c 30 37 06 08 2b 06 01 05 05 07 01 01 04 2b 30 29 30 27 06 08 2b 06 01 05 05 07 30 01 86 1b 68 74 74 70 3a 2f 2f 77 77 77 2e 65 78 61 6d 70 6c 65 2e 6f 72 67 2f 6f 63 73 70 30 3a 06 03 55 1d 11 04 33 30 31 82 12 72 61 64 69 75 73 2e 65 78 61 6d 70 6c 65 2e 6f 72 67 a0 1b 06 08 2b 06 01 05 05 07 08 08 a0 0f 0c 0d 2a 2e 65 78 61 6d 70 6c 65 2e 63 6f 6d 30 0a 06 08 2a 86 48 ce 3d 04 03 02 03 49 00 30 46 02 21 00 c6 ec 5f 8e e6 46 71 fa 69 b6 f3 72 4e 57 32 13 7a 2a ec c9 14 3d 49 5d 03 8c 69 84 dc b6 41 0c 02 21 00 9a c5 96 4b 82 d0 bb 73 ee ce d2 65 7e 5c 3f c2 11 2d d7 90 55 65 35 57 c8 1e e1 36 53 75 40 a5 00 03 6e 30 82 03 6a 30 82 03 11 a0 03 02 01 02 02 14 0d 11 18 33 99 6a 08 2a f0 bb 5c c9 c5 cc 74 fa 92 89 4b 00 30 0a 06 08 2a 86 48 ce 3d 04 03 02 30 81 92 31 0b 30 09 06 03 55 04 06 13 02 46 52 31 0f 30 0d 06 03 55 04 08 0c 06 52 61 64 69 75 73 31 12 30 10 06 03 55 04 07 0c 09 53 6f 6d 65 77 68 65 72 65 31 14 30 12 06 03 55 04 0a 0c 0b 45 78 61 6d 70 6c 65 20 49 6e 63 31 20 30 1e 06 09 2a 86 48 86 f7 0d 01 09 01 16 11 61 64 6d 69 6e 40 65 78 61 6d 70 6c 65 2e 6f 72 67 31 26 30 24 06 03 55 04 03 0c 1d 45 78 61 6d 70 6c 65 20 43 65 72 74 69 66 69 63 61 74 65 20 41 75 74 68 6f 72 69 74 79 30 1e 17 0d 32 34 30 35 30 36 30 32 32 30 34 38 5a 17 0d 32 34 30 37 30 35 30 32 32 30 34 38 5a 30 81 92 31 0b 30 09 06 03 55 04 06 13 02 46 52 31 0f 30 0d 06 03 55 04 08 0c 06 52 61 64 69 75 73 31 12 30 10 06 03 55 04 07 0c 09 53 6f 6d 65 77 68 65 72 65 31 14 30 12 06 03 55 04 0a 0c 0b 45 78 61 6d 70 6c 65 20 49 6e 63 31 20 30 1e 06 09 2a 86 48 86 f7 0d 01 09 01 16 11 61 64 6d 69 6e 40 65 78 61 6d 70 6c 65 2e 6f 72 67 31 26 30 24 06 03 55 04 03 0c 1d 45 78 61 6d 70 6c 65 20 43 65 72 74 69 66 69 63 61 74 65 20 41 75 74 68 6f 72 69 74 79 30 59 30 13 06 07 2a 86 48 ce 3d 02 01 06 08 2a 86 48 ce 3d 03 01 07 03 42 00 04 03 05 16 10 ab 46 2c fb a9 71 86 ad 83 7a f0 ed be 09 82 cd ee 8b c5 92 7d d8 ff 6b 78 e5 7f a7 7e 4f 06 1d 64 f6 27 0a 08 4a 46 0d 7b 05 1e 82 32 b1 bc 58 14 f9 4a 99 2a 41 01 9c 18 58 1c 86 a3 82 01 41 30 82 01 3d 30 1d 06 03 55 1d 0e 04 16 04 14 72 95 29 cd 6e b2 64 f4 22 64 76 49 fb c5 c8 e8 b8 50 85 95 30 81 d2 06 03 55 1d 23 04 81 ca 30 81 c7 80 14 72 95 29 cd 6e b2 64 f4 22 64 76 49 fb c5 c8 e8 b8 50 85 95 a1 81 98 a4 81 95 30 81 92 31 0b 30 09 06 03 55 04 06 13 02 46 52 31 0f 30 0d 06 03 55 04 08 0c 06 52 61 64 69 75 73 31 12 30 10 06 03 55 04 07 0c 09 53 6f 6d 65 77 68 65 72 65 31 14 30 12 06 03 55 04 0a 0c 0b 45 78 61 6d 70 6c 65 20 49 6e 63 31 20 30 1e 06 09 2a 86 48 86 f7 0d 01 09 01 16 11 61 64 6d 69 6e 40 65 78 61 6d 70 6c 65 2e 6f 72 67 31 26 30 24 06 03 55 04 03 0c 1d 45 78 61 6d 70 6c 65 20 43 65 72 74 69 66 69 63 61 74 65 20 41 75 74 68 6f 72 69 74 79 82 14 0d 11 18 33 99 6a 08 2a f0 bb 5c c9 c5 cc 74 fa 92 89 4b 00 30 0f 06 03 55 1d 13 01 01 ff 04 05 30 03 01 01 ff 30 36 06 03 55 1d 1f 04 2f 30 2d 30 2b a0 29 a0 27 86 25 68 74 74 70 3a 2f 2f 77 77 77 2e 65 78 61 6d 70 6c 65 2e 63 6f 6d 2f 65 78 61 6d 70 6c 65 5f 63 61 2e 63 72 6c 30 0a 06 08 2a 86 48 ce 3d 04 03 02 03 47 00 30 44 02 20 21 a6 e5 f0 3f 13 01 02 55 9d 72 d3 c1 ea 1d 8e fb 4d 3b 76 3f 11 74 e0 65 4d 90 90 6e 19 fe c6 02 20 7a fe be cd 8b 6f 92 4f b8 13 41 44 99 46 a1 d5 7b b6 dd 56 a4 c3 95 ef c0 65 cf 60 dd 3e 6b f3
OpenSSL: Peer certificate - depth 1
Certificate:
    Data:
        Version: 3 (0x2)
        Serial Number:
            0d:11:18:33:99:6a:08:2a:f0:bb:5c:c9:c5:cc:74:fa:92:89:4b:00
        Signature Algorithm: ecdsa-with-SHA256
        Issuer: C=FR, ST=Radius, L=Somewhere, O=Example Inc/emailAddress=admin@example.org, CN=Example Certificate Authority
        Validity
            Not Before: May  6 02:20:48 2024 GMT
            Not After : Jul  5 02:20:48 2024 GMT
        Subject: C=FR, ST=Radius, L=Somewhere, O=Example Inc/emailAddress=admin@example.org, CN=Example Certificate Authority
        Subject Public Key Info:
            Public Key Algorithm: id-ecPublicKey
                Public-Key: (256 bit)
                pub:
                    04:03:05:16:10:ab:46:2c:fb:a9:71:86:ad:83:7a:
                    f0:ed:be:09:82:cd:ee:8b:c5:92:7d:d8:ff:6b:78:
                    e5:7f:a7:7e:4f:06:1d:64:f6:27:0a:08:4a:46:0d:
                    7b:05:1e:82:32:b1:bc:58:14:f9:4a:99:2a:41:01:
                    9c:18:58:1c:86
                ASN1 OID: prime256v1
                NIST CURVE: P-256
        X509v3 extensions:
            X509v3 Subject Key Identifier: 
                72:95:29:CD:6E:B2:64:F4:22:64:76:49:FB:C5:C8:E8:B8:50:85:95
            X509v3 Authority Key Identifier: 
                keyid:72:95:29:CD:6E:B2:64:F4:22:64:76:49:FB:C5:C8:E8:B8:50:85:95
                DirName:/C=FR/ST=Radius/L=Somewhere/O=Example Inc/emailAddress=admin@example.org/CN=Example Certificate Authority
                serial:0D:11:18:33:99:6A:08:2A:F0:BB:5C:C9:C5:CC:74:FA:92:89:4B:00
            X509v3 Basic Constraints: critical
                CA:TRUE
            X509v3 CRL Distribution Points: 
                Full Name:
                  URI:http://www.example.com/example_ca.crl
    Signature Algorithm: ecdsa-with-SHA256
    Signature Value:
        30:44:02:20:21:a6:e5:f0:3f:13:01:02:55:9d:72:d3:c1:ea:
        1d:8e:fb:4d:3b:76:3f:11:74:e0:65:4d:90:90:6e:19:fe:c6:
        02:20:7a:fe:be:cd:8b:6f:92:4f:b8:13:41:44:99:46:a1:d5:
        7b:b6:dd:56:a4:c3:95:ef:c0:65:cf:60:dd:3e:6b:f3

wlan3: CTRL-EVENT-EAP-PEER-CERT depth=1 subject='/C=FR/ST=Radius/L=Somewhere/O=Example Inc/emailAddress=admin@example.org/CN=Example Certificate Authority' hash=ec5c17d1ed7dd63ef243fb03c3ec521c2e980555c45767aad13765588fa6894a
TLS: tls_verify_cb - preverify_ok=1 err=19 (self-signed certificate in certificate chain) ca_cert_verify=0 depth=1 buf='/C=FR/ST=Radius/L=Somewhere/O=Example Inc/emailAddress=admin@example.org/CN=Example Certificate Authority'
OpenSSL: Peer certificate - depth 1
Certificate:
    Data:
        Version: 3 (0x2)
        Serial Number:
            0d:11:18:33:99:6a:08:2a:f0:bb:5c:c9:c5:cc:74:fa:92:89:4b:00
        Signature Algorithm: ecdsa-with-SHA256
        Issuer: C=FR, ST=Radius, L=Somewhere, O=Example Inc/emailAddress=admin@example.org, CN=Example Certificate Authority
        Validity
            Not Before: May  6 02:20:48 2024 GMT
            Not After : Jul  5 02:20:48 2024 GMT
        Subject: C=FR, ST=Radius, L=Somewhere, O=Example Inc/emailAddress=admin@example.org, CN=Example Certificate Authority
        Subject Public Key Info:
            Public Key Algorithm: id-ecPublicKey
                Public-Key: (256 bit)
                pub:
                    04:03:05:16:10:ab:46:2c:fb:a9:71:86:ad:83:7a:
                    f0:ed:be:09:82:cd:ee:8b:c5:92:7d:d8:ff:6b:78:
                    e5:7f:a7:7e:4f:06:1d:64:f6:27:0a:08:4a:46:0d:
                    7b:05:1e:82:32:b1:bc:58:14:f9:4a:99:2a:41:01:
                    9c:18:58:1c:86
                ASN1 OID: prime256v1
                NIST CURVE: P-256
        X509v3 extensions:
            X509v3 Subject Key Identifier: 
                72:95:29:CD:6E:B2:64:F4:22:64:76:49:FB:C5:C8:E8:B8:50:85:95
            X509v3 Authority Key Identifier: 
                keyid:72:95:29:CD:6E:B2:64:F4:22:64:76:49:FB:C5:C8:E8:B8:50:85:95
                DirName:/C=FR/ST=Radius/L=Somewhere/O=Example Inc/emailAddress=admin@example.org/CN=Example Certificate Authority
                serial:0D:11:18:33:99:6A:08:2A:F0:BB:5C:C9:C5:CC:74:FA:92:89:4B:00
            X509v3 Basic Constraints: critical
                CA:TRUE
            X509v3 CRL Distribution Points: 
                Full Name:
                  URI:http://www.example.com/example_ca.crl
    Signature Algorithm: ecdsa-with-SHA256
    Signature Value:
        30:44:02:20:21:a6:e5:f0:3f:13:01:02:55:9d:72:d3:c1:ea:
        1d:8e:fb:4d:3b:76:3f:11:74:e0:65:4d:90:90:6e:19:fe:c6:
        02:20:7a:fe:be:cd:8b:6f:92:4f:b8:13:41:44:99:46:a1:d5:
        7b:b6:dd:56:a4:c3:95:ef:c0:65:cf:60:dd:3e:6b:f3

wlan3: CTRL-EVENT-EAP-PEER-CERT depth=1 subject='/C=FR/ST=Radius/L=Somewhere/O=Example Inc/emailAddress=admin@example.org/CN=Example Certificate Authority' hash=ec5c17d1ed7dd63ef243fb03c3ec521c2e980555c45767aad13765588fa6894a
TLS: tls_verify_cb - preverify_ok=1 err=19 (self-signed certificate in certificate chain) ca_cert_verify=0 depth=1 buf='/C=FR/ST=Radius/L=Somewhere/O=Example Inc/emailAddress=admin@example.org/CN=Example Certificate Authority'
OpenSSL: Peer certificate - depth 0
Certificate:
    Data:
        Version: 3 (0x2)
        Serial Number: 2 (0x2)
        Signature Algorithm: ecdsa-with-SHA256
        Issuer: C=FR, ST=Radius, L=Somewhere, O=Example Inc/emailAddress=admin@example.org, CN=Example Certificate Authority
        Validity
            Not Before: May  6 02:20:48 2024 GMT
            Not After : Jul  5 02:20:48 2024 GMT
        Subject: C=FR, ST=Radius, O=Example Inc, CN=Example Server Certificate/emailAddress=admin@example.org
        Subject Public Key Info:
            Public Key Algorithm: id-ecPublicKey
                Public-Key: (256 bit)
                pub:
                    04:29:70:50:97:b8:65:f7:b9:ae:ab:aa:76:eb:d9:
                    a3:6b:a3:80:28:db:b4:b8:83:11:8b:2f:2b:b3:96:
                    82:53:86:50:96:71:d7:77:c5:e4:c4:b1:69:f6:3a:
                    5d:eb:a8:d3:81:e7:21:94:d2:22:c5:fd:c1:44:37:
                    55:16:52:2b:69
                ASN1 OID: prime256v1
                NIST CURVE: P-256
        X509v3 extensions:
            X509v3 Subject Key Identifier: 
                DD:5D:22:E9:99:15:FA:C4:B6:1F:9F:C8:70:7A:70:7C:3D:77:E9:DF
            X509v3 Authority Key Identifier: 
                keyid:72:95:29:CD:6E:B2:64:F4:22:64:76:49:FB:C5:C8:E8:B8:50:85:95
                DirName:/C=FR/ST=Radius/L=Somewhere/O=Example Inc/emailAddress=admin@example.org/CN=Example Certificate Authority
                serial:0D:11:18:33:99:6A:08:2A:F0:BB:5C:C9:C5:CC:74:FA:92:89:4B:00
            X509v3 Basic Constraints: 
                CA:FALSE
            X509v3 Key Usage: 
                Digital Signature, Non Repudiation, Key Encipherment
            X509v3 Extended Key Usage: 
                TLS Web Server Authentication, 1.3.6.1.5.5.7.3.14
            X509v3 CRL Distribution Points: 
                Full Name:
                  URI:http://www.example.com/example_ca.crl
            Authority Information Access: 
                OCSP - URI:http://www.example.org/ocsp
            X509v3 Subject Alternative Name: 
                DNS:radius.example.org, othername: NAIRealm::*.example.com
    Signature Algorithm: ecdsa-with-SHA256
    Signature Value:
        30:46:02:21:00:c6:ec:5f:8e:e6:46:71:fa:69:b6:f3:72:4e:
        57:32:13:7a:2a:ec:c9:14:3d:49:5d:03:8c:69:84:dc:b6:41:
        0c:02:21:00:9a:c5:96:4b:82:d0:bb:73:ee:ce:d2:65:7e:5c:
        3f:c2:11:2d:d7:90:55:65:35:57:c8:1e:e1:36:53:75:40:a5

wlan3: CTRL-EVENT-EAP-PEER-CERT depth=0 subject='/C=FR/ST=Radius/O=Example Inc/CN=Example Server Certificate/emailAddress=admin@example.org' hash=bec48effcfe2a71255ba64c77879170cc1dd364a2c64c73287356d8458f94ff7
wlan3: CTRL-EVENT-EAP-PEER-ALT depth=0 DNS:radius.example.org
TLS: tls_verify_cb - preverify_ok=1 err=19 (self-signed certificate in certificate chain) ca_cert_verify=0 depth=0 buf='/C=FR/ST=Radius/O=Example Inc/CN=Example Server Certificate/emailAddress=admin@example.org'
EAP: Status notification: remote certificate verification (param=success)
OpenSSL: RX ver=0x303 content_type=256 (TLS header info/)
OpenSSL: Message - hexdump(len=5): 16 03 03 00 73
SSL: (where=0x1001 ret=0x1)
SSL: SSL_connect:SSLv3/TLS read server certificate
OpenSSL: RX ver=0x303 content_type=22 (handshake/server key exchange)
OpenSSL: Message - hexdump(len=115): 0c 00 00 6f 03 00 1d 20 ea 2f 70 c8 b7 68 db 87 e6 a6 8f 00 e4 33 af ef b9 4e 41 cb f3 65 fe b7 2e 77 b2 52 e2 2b be 25 04 03 00 47 30 45 02 21 00 c6 0c 4d 01 19 a2 80 3b be a9 8c 12 71 63 e0 37 be 7d 84 ed 35 ce 77 6b 08 1d d5 0e 9e aa 4b c1 02 20 09 cb e9 13 06 ce 2b b7 e4 22 2d f8 55 9d a8 1b 4f 1e bb 4b 6d b2 cb 2e 53 f0 3e 8b 7d a4 84 a5
OpenSSL: RX ver=0x303 content_type=256 (TLS header info/)
OpenSSL: Message - hexdump(len=5): 16 03 03 00 04
SSL: (where=0x1001 ret=0x1)
SSL: SSL_connect:SSLv3/TLS read server key exchange
OpenSSL: RX ver=0x303 content_type=22 (handshake/server hello done)
OpenSSL: Message - hexdump(len=4): 0e 00 00 00
SSL: (where=0x1001 ret=0x1)
SSL: SSL_connect:SSLv3/TLS read server done
OpenSSL: TX ver=0x303 content_type=256 (TLS header info/)
OpenSSL: Message - hexdump(len=5): 16 03 03 00 25
OpenSSL: TX ver=0x303 content_type=22 (handshake/client key exchange)
OpenSSL: Message - hexdump(len=37): 10 00 00 21 20 5a 4d bd f9 80 b2 29 43 ae b5 2b c7 e4 bf 6b 66 c7 34 51 a0 5f 02 f9 92 00 bb a9 ec f6 4c 3e 62
SSL: (where=0x1001 ret=0x1)
SSL: SSL_connect:SSLv3/TLS write client key exchange
OpenSSL: TX ver=0x303 content_type=256 (TLS header info/)
OpenSSL: Message - hexdump(len=5): 14 03 03 00 01
OpenSSL: TX ver=0x303 content_type=20 (change cipher spec/)
OpenSSL: Message - hexdump(len=1): 01
SSL: (where=0x1001 ret=0x1)
SSL: SSL_connect:SSLv3/TLS write change cipher spec
OpenSSL: TX ver=0x303 content_type=256 (TLS header info/)
OpenSSL: Message - hexdump(len=5): 16 03 03 00 28
OpenSSL: TX ver=0x303 content_type=22 (handshake/finished)
OpenSSL: Message - hexdump(len=16): 14 00 00 0c 43 c1 7c ef 83 ce 21 80 b5 f0 6c a8
SSL: (where=0x1001 ret=0x1)
SSL: SSL_connect:SSLv3/TLS write finished
SSL: (where=0x1002 ret=0xffffffff)
SSL: SSL_connect:error in SSLv3/TLS write finished
SSL: SSL_connect - want more data
SSL: 93 bytes pending from ssl_out
SSL: Using TLS version TLSv1.2
SSL: 93 bytes left to be sent out (of total 93 bytes)
EAP: method process -> ignore=FALSE methodState=MAY_CONT decision=FAIL eapRespData=0x5a3773b82f70
EAP: EAP entering state SEND_RESPONSE
EAP: EAP entering state IDLE
EAPOL: SUPP_BE entering state RESPONSE
EAPOL: txSuppRsp
TX EAPOL: dst=c4:e9:84:db:fb:7b
TX EAPOL - hexdump(len=103): 01 00 00 63 02 20 00 63 19 01 16 03 03 00 25 10 00 00 21 20 5a 4d bd f9 80 b2 29 43 ae b5 2b c7 e4 bf 6b 66 c7 34 51 a0 5f 02 f9 92 00 bb a9 ec f6 4c 3e 62 14 03 03 00 01 01 16 03 03 00 28 58 1c 62 fc cb fa 5f 9e a6 70 9d 9d bf ac 83 66 23 a4 5d 02 ff 3c 37 ee 2e 03 b0 40 01 ff 86 67 0a e8 bc ac db c1 12 e3
nl80211: Send over control port dest=c4:e9:84:db:fb:7b proto=0x888e len=103 no_encrypt=1
nl80211: tx_control_port cookie=0x74
EAPOL: SUPP_BE entering state RECEIVE
nl80211: Event message available
nl80211: Drv Event 139 (NL80211_CMD_CONTROL_PORT_FRAME_TX_STATUS) received for wlan3
nl80211: Control port TX status (ack=1), cookie=116
wlan3: Event EAPOL_TX_STATUS (37) received
nl80211: Event message available
nl80211: Ignored event 139 (NL80211_CMD_CONTROL_PORT_FRAME_TX_STATUS) for foreign interface (ifindex 7 wdev 0x0 wiphy -1)
nl80211: Event message available
nl80211: BSS Event 129 (NL80211_CMD_CONTROL_PORT_FRAME) received for wlan3
wlan3: Event EAPOL_RX (23) received
wlan3: RX EAPOL from c4:e9:84:db:fb:7b (encrypted=0)
RX EAPOL - hexdump(len=61): 02 00 00 39 01 21 00 39 19 01 14 03 03 00 01 01 16 03 03 00 28 20 57 75 f6 bc 18 6f fe 54 01 15 6c 02 96 23 41 57 95 3f 49 38 d7 ae 6f 67 c1 53 00 a1 2b 4c c4 39 db 4a 29 ac dc 2f cf
EAPOL: Received EAP-Packet frame
EAPOL: SUPP_BE entering state REQUEST
EAPOL: getSuppRsp
EAP: EAP entering state RECEIVED
EAP: Received EAP-Request id=33 method=25 vendor=0 vendorMethod=0
EAP: EAP entering state METHOD
SSL: Received packet(len=57) - Flags 0x01
OpenSSL: RX ver=0x303 content_type=256 (TLS header info/)
OpenSSL: Message - hexdump(len=5): 14 03 03 00 01
SSL: (where=0x1001 ret=0x1)
SSL: SSL_connect:SSLv3/TLS write finished
OpenSSL: RX ver=0x303 content_type=256 (TLS header info/)
OpenSSL: Message - hexdump(len=5): 16 03 03 00 28
SSL: (where=0x1001 ret=0x1)
SSL: SSL_connect:SSLv3/TLS read change cipher spec
OpenSSL: RX ver=0x303 content_type=22 (handshake/finished)
OpenSSL: Message - hexdump(len=16): 14 00 00 0c 8a b5 88 88 0b b3 6a 59 dd 4a 9c 72
SSL: (where=0x1001 ret=0x1)
SSL: SSL_connect:SSLv3/TLS read finished
SSL: (where=0x20 ret=0x1)
SSL: (where=0x1002 ret=0x1)
SSL: 0 bytes pending from ssl_out
OpenSSL: Handshake finished - resumed=0
SSL: No Application Data included
SSL: Using TLS version TLSv1.2
SSL: No data to be sent out
EAP-PEAP: TLS done, proceed to Phase 2
EAP-PEAP: using label 'client EAP encryption' in key derivation
EAP-PEAP: Derived key - hexdump(len=64): 3d 4a 16 bd 89 16 6d 05 8a ae 5d 18 d9 05 61 81 ef 3a 07 64 e8 c6 ec 1f 2d 08 5f f0 63 a5 d9 c4 a6 44 0c 98 22 a4 53 73 00 02 3c a9 4d dd 31 0f 03 d1 e6 6a 37 93 a9 96 d4 c9 f7 b9 73 48 8b 30
EAP-PEAP: Derived EMSK - hexdump(len=64): 54 97 b3 6e a6 35 f2 a4 a2 72 4a b3 f6 ef d0 bc 74 9b f4 db d5 3e 6b 16 17 6e f6 64 44 ed c9 a9 5f e9 f7 bf b7 e2 77 76 ae a7 c2 09 49 77 31 44 78 4b 2e 3e c8 6a 9e 00 70 0d 00 78 b8 65 a5 0e
EAP-PEAP: Derived Session-Id - hexdump(len=65): 19 f3 ba 14 21 5f 76 ec 43 92 03 c2 0d c7 4c 3b 37 8a c9 fb 63 d2 4c 8b f0 fb ee 3c bc 28 ee 90 d1 c6 21 e1 ef 41 2b b4 6f 5e ef 76 04 9c 94 e3 0b 62 ce 8e 84 e6 e5 f9 5a 1b 82 a5 a2 98 61 e7 ad
SSL: Building ACK (type=25 id=33 ver=1)
EAP: method process -> ignore=FALSE methodState=MAY_CONT decision=FAIL eapRespData=0x5a3773af72e0
EAP: EAP entering state SEND_RESPONSE
EAP: EAP entering state IDLE
EAPOL: SUPP_BE entering state RESPONSE
EAPOL: txSuppRsp
TX EAPOL: dst=c4:e9:84:db:fb:7b
TX EAPOL - hexdump(len=10): 01 00 00 06 02 21 00 06 19 01
nl80211: Send over control port dest=c4:e9:84:db:fb:7b proto=0x888e len=10 no_encrypt=1
nl80211: tx_control_port cookie=0x75
EAPOL: SUPP_BE entering state RECEIVE
nl80211: Event message available
nl80211: Drv Event 139 (NL80211_CMD_CONTROL_PORT_FRAME_TX_STATUS) received for wlan3
nl80211: Control port TX status (ack=1), cookie=117
wlan3: Event EAPOL_TX_STATUS (37) received
nl80211: Event message available
nl80211: Ignored event 139 (NL80211_CMD_CONTROL_PORT_FRAME_TX_STATUS) for foreign interface (ifindex 7 wdev 0x0 wiphy -1)
nl80211: Event message available
nl80211: BSS Event 129 (NL80211_CMD_CONTROL_PORT_FRAME) received for wlan3
wlan3: Event EAPOL_RX (23) received
wlan3: RX EAPOL from c4:e9:84:db:fb:7b (encrypted=0)
RX EAPOL - hexdump(len=44): 02 00 00 28 01 22 00 28 19 01 17 03 03 00 1d 20 57 75 f6 bc 18 6f ff c7 d7 27 ac 96 55 41 8b 4b 72 75 f4 97 98 e6 b0 2a b1 5d 51 26
EAPOL: Received EAP-Packet frame
EAPOL: SUPP_BE entering state REQUEST
EAPOL: getSuppRsp
EAP: EAP entering state RECEIVED
EAP: Received EAP-Request id=34 method=25 vendor=0 vendorMethod=0
EAP: EAP entering state METHOD
SSL: Received packet(len=40) - Flags 0x01
EAP-PEAP: received 34 bytes encrypted data for Phase 2
OpenSSL: RX ver=0x303 content_type=256 (TLS header info/)
OpenSSL: Message - hexdump(len=5): 17 03 03 00 1d
EAP-PEAP: Decrypted Phase 2 EAP - hexdump(len=5): 01 22 00 05 01
EAP-PEAP: received Phase 2: code=1 identifier=34 length=5
EAP-PEAP: Phase 2 Request: type=1
EAP: using real identity - hexdump_ascii(len=5):
     6d 61 74 68 79                                    mathy           
EAP-PEAP: Encrypting Phase 2 data - hexdump(len=10): 02 22 00 0a 01 6d 61 74 68 79
OpenSSL: TX ver=0x303 content_type=256 (TLS header info/)
OpenSSL: Message - hexdump(len=5): 17 03 03 00 22
SSL: 39 bytes left to be sent out (of total 39 bytes)
EAP: method process -> ignore=FALSE methodState=MAY_CONT decision=FAIL eapRespData=0x5a3773b69710
EAP: EAP entering state SEND_RESPONSE
EAP: EAP entering state IDLE
EAPOL: SUPP_BE entering state RESPONSE
EAPOL: txSuppRsp
TX EAPOL: dst=c4:e9:84:db:fb:7b
TX EAPOL - hexdump(len=49): 01 00 00 2d 02 22 00 2d 19 01 17 03 03 00 22 58 1c 62 fc cb fa 5f 9f 32 53 ac 3b 32 27 26 d3 03 9d 78 a4 71 e5 14 1b e5 d6 bd 4f 8c da 9e fe 7b 2a
nl80211: Send over control port dest=c4:e9:84:db:fb:7b proto=0x888e len=49 no_encrypt=1
nl80211: tx_control_port cookie=0x76
EAPOL: SUPP_BE entering state RECEIVE
nl80211: Event message available
nl80211: Drv Event 139 (NL80211_CMD_CONTROL_PORT_FRAME_TX_STATUS) received for wlan3
nl80211: Control port TX status (ack=1), cookie=118
wlan3: Event EAPOL_TX_STATUS (37) received
nl80211: Event message available
nl80211: Ignored event 139 (NL80211_CMD_CONTROL_PORT_FRAME_TX_STATUS) for foreign interface (ifindex 7 wdev 0x0 wiphy -1)
nl80211: Event message available
nl80211: BSS Event 129 (NL80211_CMD_CONTROL_PORT_FRAME) received for wlan3
wlan3: Event EAPOL_RX (23) received
wlan3: RX EAPOL from c4:e9:84:db:fb:7b (encrypted=0)
RX EAPOL - hexdump(len=72): 02 00 00 44 01 23 00 44 19 01 17 03 03 00 39 20 57 75 f6 bc 18 70 00 a7 62 63 2a c6 b0 13 82 cd 09 fa de 25 06 39 ef 89 94 de 75 09 ec 6e 02 60 a5 4b e7 50 36 05 3a fb 23 91 c4 77 ac 48 ef f4 3b 86 c1 5a 85 39 5d 7d
EAPOL: Received EAP-Packet frame
EAPOL: SUPP_BE entering state REQUEST
EAPOL: getSuppRsp
EAP: EAP entering state RECEIVED
EAP: Received EAP-Request id=35 method=25 vendor=0 vendorMethod=0
EAP: EAP entering state METHOD
SSL: Received packet(len=68) - Flags 0x01
EAP-PEAP: received 62 bytes encrypted data for Phase 2
OpenSSL: RX ver=0x303 content_type=256 (TLS header info/)
OpenSSL: Message - hexdump(len=5): 17 03 03 00 39
EAP-PEAP: Decrypted Phase 2 EAP - hexdump(len=33): 01 23 00 21 1a 01 23 00 1c 10 5b 35 c2 7f ef 03 17 4b e7 c2 2e da ed 33 ac 79 68 6f 73 74 61 70 64
EAP-PEAP: received Phase 2: code=1 identifier=35 length=33
EAP-PEAP: Phase 2 Request: type=26
EAP-PEAP: Selected Phase 2 EAP vendor 0 method 26
EAP-MSCHAPv2 init for Phase 2
EAP-MSCHAPV2: RX identifier 35 mschapv2_id 35
EAP-MSCHAPV2: Received challenge
EAP-MSCHAPV2: Authentication Servername - hexdump_ascii(len=7):
     68 6f 73 74 61 70 64                              hostapd         
EAP-MSCHAPV2: Generating Challenge Response
Get randomness: len=16 entropy=3
MSCHAPV2: Identity - hexdump_ascii(len=5):
     6d 61 74 68 79                                    mathy           
MSCHAPV2: Username - hexdump_ascii(len=5):
     6d 61 74 68 79                                    mathy           
MSCHAPV2: auth_challenge - hexdump(len=16): 5b 35 c2 7f ef 03 17 4b e7 c2 2e da ed 33 ac 79
MSCHAPV2: peer_challenge - hexdump(len=16): e8 76 fd 9c e1 d1 84 a8 54 e1 ab 31 b0 3c 4e 25
MSCHAPV2: username - hexdump_ascii(len=5):
     6d 61 74 68 79                                    mathy           
MSCHAPV2: password - hexdump_ascii(len=8):
     70 61 73 73 77 6f 72 64                           password        
MSCHAPV2: NT Response - hexdump(len=24): 78 49 1d 04 21 8f 80 bb e0 54 7d 38 00 cb 3b 84 82 c5 78 85 17 85 32 ba
MSCHAPV2: Auth Response - hexdump(len=20): f6 f0 ae 6d 8c 3d d8 b6 3e b5 31 1d 56 fe 4b 49 58 85 f6 a5
MSCHAPV2: Master Key - hexdump(len=16): b6 3a e3 e8 03 ea 61 26 93 9a f5 24 26 ce 71 60
EAP-MSCHAPV2: TX identifier 35 mschapv2_id 35 (response)
EAP-PEAP: Encrypting Phase 2 data - hexdump(len=64): 02 23 00 40 1a 02 23 00 3b 31 e8 76 fd 9c e1 d1 84 a8 54 e1 ab 31 b0 3c 4e 25 00 00 00 00 00 00 00 00 78 49 1d 04 21 8f 80 bb e0 54 7d 38 00 cb 3b 84 82 c5 78 85 17 85 32 ba 00 6d 61 74 68 79
OpenSSL: TX ver=0x303 content_type=256 (TLS header info/)
OpenSSL: Message - hexdump(len=5): 17 03 03 00 58
SSL: 93 bytes left to be sent out (of total 93 bytes)
EAP: method process -> ignore=FALSE methodState=MAY_CONT decision=FAIL eapRespData=0x5a3773b6a750
EAP: EAP entering state SEND_RESPONSE
EAP: EAP entering state IDLE
EAPOL: SUPP_BE entering state RESPONSE
EAPOL: txSuppRsp
TX EAPOL: dst=c4:e9:84:db:fb:7b
TX EAPOL - hexdump(len=103): 01 00 00 63 02 23 00 63 19 01 17 03 03 00 58 58 1c 62 fc cb fa 5f a0 21 3c 40 d5 43 74 19 1d 4d e4 58 d3 b6 01 4b 5d 57 22 d5 a5 73 98 2c 0d 2b b4 bb 15 c7 83 43 b6 94 35 f6 4c 9d 69 77 b8 5b 81 fd 6d 4a 3b cb 21 29 3c 85 e7 55 27 47 82 68 e8 25 04 f2 1d 5c 2d 6d 99 59 03 eb b2 20 55 a0 9a e0 db 70 7d 68 a4
nl80211: Send over control port dest=c4:e9:84:db:fb:7b proto=0x888e len=103 no_encrypt=1
nl80211: tx_control_port cookie=0x77
EAPOL: SUPP_BE entering state RECEIVE
nl80211: Event message available
nl80211: Drv Event 139 (NL80211_CMD_CONTROL_PORT_FRAME_TX_STATUS) received for wlan3
nl80211: Control port TX status (ack=1), cookie=119
wlan3: Event EAPOL_TX_STATUS (37) received
nl80211: Event message available
nl80211: Ignored event 139 (NL80211_CMD_CONTROL_PORT_FRAME_TX_STATUS) for foreign interface (ifindex 7 wdev 0x0 wiphy -1)
nl80211: Event message available
nl80211: BSS Event 129 (NL80211_CMD_CONTROL_PORT_FRAME) received for wlan3
wlan3: Event EAPOL_RX (23) received
wlan3: RX EAPOL from c4:e9:84:db:fb:7b (encrypted=0)
RX EAPOL - hexdump(len=95): 02 00 00 5b 01 24 00 5b 19 01 17 03 03 00 50 20 57 75 f6 bc 18 70 01 ce 0f 2d 8a ec 19 11 3b ee 9f 44 78 83 90 e9 a7 58 20 f0 ac 11 6e 8c 2e 80 1a fa d4 0a 92 51 21 cd 42 ce 5a d3 66 3d ff fa 25 77 b8 bc d6 65 f3 f7 e2 56 55 8d 53 fa 53 ed dc c2 d6 98 f2 a8 a9 8b 6b 7f 7e 10 84 34 27
EAPOL: Received EAP-Packet frame
EAPOL: SUPP_BE entering state REQUEST
EAPOL: getSuppRsp
EAP: EAP entering state RECEIVED
EAP: Received EAP-Request id=36 method=25 vendor=0 vendorMethod=0
EAP: EAP entering state METHOD
SSL: Received packet(len=91) - Flags 0x01
EAP-PEAP: received 85 bytes encrypted data for Phase 2
OpenSSL: RX ver=0x303 content_type=256 (TLS header info/)
OpenSSL: Message - hexdump(len=5): 17 03 03 00 50
EAP-PEAP: Decrypted Phase 2 EAP - hexdump(len=56): 01 24 00 38 1a 03 23 00 33 53 3d 46 36 46 30 41 45 36 44 38 43 33 44 44 38 42 36 33 45 42 35 33 31 31 44 35 36 46 45 34 42 34 39 35 38 38 35 46 36 41 35 20 4d 3d 4f 4b
EAP-PEAP: received Phase 2: code=1 identifier=36 length=56
EAP-PEAP: Phase 2 Request: type=26
EAP-MSCHAPV2: RX identifier 36 mschapv2_id 35
EAP-MSCHAPV2: Received success
EAP-MSCHAPV2: Success message - hexdump_ascii(len=4):
     4d 3d 4f 4b                                       M=OK            
EAP-MSCHAPV2: Authentication succeeded
EAP-PEAP: Encrypting Phase 2 data - hexdump(len=6): 02 24 00 06 1a 03
OpenSSL: TX ver=0x303 content_type=256 (TLS header info/)
OpenSSL: Message - hexdump(len=5): 17 03 03 00 1e
SSL: 35 bytes left to be sent out (of total 35 bytes)
EAP: method process -> ignore=FALSE methodState=MAY_CONT decision=FAIL eapRespData=0x5a3773b56460
EAP: Session-Id - hexdump(len=65): 19 f3 ba 14 21 5f 76 ec 43 92 03 c2 0d c7 4c 3b 37 8a c9 fb 63 d2 4c 8b f0 fb ee 3c bc 28 ee 90 d1 c6 21 e1 ef 41 2b b4 6f 5e ef 76 04 9c 94 e3 0b 62 ce 8e 84 e6 e5 f9 5a 1b 82 a5 a2 98 61 e7 ad
EAP: EAP entering state SEND_RESPONSE
EAP: EAP entering state IDLE
EAPOL: SUPP_BE entering state RESPONSE
EAPOL: txSuppRsp
TX EAPOL: dst=c4:e9:84:db:fb:7b
TX EAPOL - hexdump(len=45): 01 00 00 29 02 24 00 29 19 01 17 03 03 00 1e 58 1c 62 fc cb fa 5f a1 ed 68 05 dd 0f ed 32 51 3c 7d 96 53 a8 01 5a 31 06 84 77 13 e4 6e
nl80211: Send over control port dest=c4:e9:84:db:fb:7b proto=0x888e len=45 no_encrypt=1
nl80211: tx_control_port cookie=0x78
EAPOL: SUPP_BE entering state RECEIVE
nl80211: Event message available
nl80211: Drv Event 139 (NL80211_CMD_CONTROL_PORT_FRAME_TX_STATUS) received for wlan3
nl80211: Control port TX status (ack=1), cookie=120
wlan3: Event EAPOL_TX_STATUS (37) received
nl80211: Event message available
nl80211: Ignored event 139 (NL80211_CMD_CONTROL_PORT_FRAME_TX_STATUS) for foreign interface (ifindex 7 wdev 0x0 wiphy -1)
nl80211: Event message available
nl80211: BSS Event 129 (NL80211_CMD_CONTROL_PORT_FRAME) received for wlan3
wlan3: Event EAPOL_RX (23) received
wlan3: RX EAPOL from c4:e9:84:db:fb:7b (encrypted=0)
RX EAPOL - hexdump(len=43): 02 00 00 27 01 25 00 27 19 01 17 03 03 00 1c 20 57 75 f6 bc 18 70 02 ac a9 da 61 8b 72 28 33 13 61 07 06 c4 1d c8 ae ac 73 b7 99
EAPOL: Received EAP-Packet frame
EAPOL: SUPP_BE entering state REQUEST
EAPOL: getSuppRsp
EAP: EAP entering state RECEIVED
EAP: Received EAP-Request id=37 method=25 vendor=0 vendorMethod=0
EAP: EAP entering state METHOD
SSL: Received packet(len=39) - Flags 0x01
EAP-PEAP: received 33 bytes encrypted data for Phase 2
OpenSSL: RX ver=0x303 content_type=256 (TLS header info/)
OpenSSL: Message - hexdump(len=5): 17 03 03 00 1c
EAP-PEAP: Decrypted Phase 2 EAP - hexdump(len=4): 03 25 00 04
EAP-PEAP: received Phase 2: code=3 identifier=37 length=4
EAP-PEAP: Phase 2 Success
EAP-PEAP: Version 1 - EAP-Success within TLS tunnel - authentication completed
EAP-PEAP: Use TLS ACK to finish authentication
SSL: Building ACK (type=25 id=37 ver=1)
EAP: method process -> ignore=FALSE methodState=DONE decision=UNCOND_SUCC eapRespData=0x5a3773b58860
EAP: Session-Id - hexdump(len=65): 19 f3 ba 14 21 5f 76 ec 43 92 03 c2 0d c7 4c 3b 37 8a c9 fb 63 d2 4c 8b f0 fb ee 3c bc 28 ee 90 d1 c6 21 e1 ef 41 2b b4 6f 5e ef 76 04 9c 94 e3 0b 62 ce 8e 84 e6 e5 f9 5a 1b 82 a5 a2 98 61 e7 ad
EAP: EAP entering state SEND_RESPONSE
EAP: EAP entering state IDLE
EAPOL: SUPP_BE entering state RESPONSE
EAPOL: txSuppRsp
TX EAPOL: dst=c4:e9:84:db:fb:7b
TX EAPOL - hexdump(len=10): 01 00 00 06 02 25 00 06 19 01
nl80211: Send over control port dest=c4:e9:84:db:fb:7b proto=0x888e len=10 no_encrypt=1
nl80211: tx_control_port cookie=0x79
EAPOL: SUPP_BE entering state RECEIVE
nl80211: Event message available
nl80211: Drv Event 139 (NL80211_CMD_CONTROL_PORT_FRAME_TX_STATUS) received for wlan3
nl80211: Control port TX status (ack=1), cookie=121
wlan3: Event EAPOL_TX_STATUS (37) received
nl80211: Event message available
nl80211: Ignored event 139 (NL80211_CMD_CONTROL_PORT_FRAME_TX_STATUS) for foreign interface (ifindex 7 wdev 0x0 wiphy -1)
nl80211: Event message available
nl80211: Ignored event 139 (NL80211_CMD_CONTROL_PORT_FRAME_TX_STATUS) for foreign interface (ifindex 7 wdev 0x0 wiphy -1)
nl80211: Event message available
nl80211: BSS Event 129 (NL80211_CMD_CONTROL_PORT_FRAME) received for wlan3
wlan3: Event EAPOL_RX (23) received
wlan3: RX EAPOL from c4:e9:84:db:fb:7b (encrypted=0)
RX EAPOL - hexdump(len=8): 02 00 00 04 03 25 00 04
EAPOL: Received EAP-Packet frame
EAPOL: SUPP_BE entering state REQUEST
EAPOL: getSuppRsp
EAP: EAP entering state RECEIVED
EAP: Received EAP-Success
EAP: Status notification: completion (param=success)
EAP: EAP entering state SUCCESS
wlan3: CTRL-EVENT-EAP-SUCCESS EAP authentication completed successfully
EAPOL: SUPP_BE entering state RECEIVE
EAPOL: SUPP_BE entering state SUCCESS
EAPOL: SUPP_BE entering state IDLE
nl80211: Event message available
nl80211: BSS Event 129 (NL80211_CMD_CONTROL_PORT_FRAME) received for wlan3
wlan3: Event EAPOL_RX (23) received
wlan3: RX EAPOL from c4:e9:84:db:fb:7b (encrypted=0)
RX EAPOL - hexdump(len=121): 02 03 00 75 02 00 8a 00 10 00 00 00 00 00 00 00 01 13 61 b1 af cb fb fd 7e a0 29 69 2c 93 db 97 4a 92 49 20 09 79 12 db 3b 1a ad 60 45 10 c5 c1 19 00 00 00 00 00 00 00 00 00 00 00 00 00 00 00 00 00 00 00 00 00 00 00 00 00 00 00 00 00 00 00 00 00 00 00 00 00 00 00 00 00 00 00 00 00 00 00 00 00 16 dd 14 00 0f ac 04 e3 a3 fd ac fd 88 6e e3 72 85 3e ea 8a 6e b8 a5
EAPOL: Ignoring WPA EAPOL-Key frame in EAPOL state machines
wlan3: IEEE 802.1X RX: version=2 type=3 length=117
WPA: RX EAPOL-Key - hexdump(len=121): 02 03 00 75 02 00 8a 00 10 00 00 00 00 00 00 00 01 13 61 b1 af cb fb fd 7e a0 29 69 2c 93 db 97 4a 92 49 20 09 79 12 db 3b 1a ad 60 45 10 c5 c1 19 00 00 00 00 00 00 00 00 00 00 00 00 00 00 00 00 00 00 00 00 00 00 00 00 00 00 00 00 00 00 00 00 00 00 00 00 00 00 00 00 00 00 00 00 00 00 00 00 00 16 dd 14 00 0f ac 04 e3 a3 fd ac fd 88 6e e3 72 85 3e ea 8a 6e b8 a5
wlan3:   EAPOL-Key type=2
wlan3:   key_info 0x8a (ver=2 keyidx=0 rsvd=0 Pairwise Ack)
wlan3:   key_length=16 key_data_length=22
  replay_counter - hexdump(len=8): 00 00 00 00 00 00 00 01
  key_nonce - hexdump(len=32): 13 61 b1 af cb fb fd 7e a0 29 69 2c 93 db 97 4a 92 49 20 09 79 12 db 3b 1a ad 60 45 10 c5 c1 19
  key_iv - hexdump(len=16): 00 00 00 00 00 00 00 00 00 00 00 00 00 00 00 00
  key_rsc - hexdump(len=8): 00 00 00 00 00 00 00 00
  key_id (reserved) - hexdump(len=8): 00 00 00 00 00 00 00 00
  key_mic - hexdump(len=16): 00 00 00 00 00 00 00 00 00 00 00 00 00 00 00 00
wlan3: WPA: RX message 1 of 4-Way Handshake from c4:e9:84:db:fb:7b (ver=2)
RSN: msg 1/4 key data - hexdump(len=22): dd 14 00 0f ac 04 e3 a3 fd ac fd 88 6e e3 72 85 3e ea 8a 6e b8 a5
WPA: PMKID in EAPOL-Key - hexdump(len=22): dd 14 00 0f ac 04 e3 a3 fd ac fd 88 6e e3 72 85 3e ea 8a 6e b8 a5
RSN: PMKID from Authenticator - hexdump(len=16): e3 a3 fd ac fd 88 6e e3 72 85 3e ea 8a 6e b8 a5
wlan3: RSN: no matching PMKID found
EAPOL: Successfully fetched key (len=32)
EAPOL: Successfully fetched key (len=64)
WPA: PMK from EAPOL state machines - hexdump(len=32): 3d 4a 16 bd 89 16 6d 05 8a ae 5d 18 d9 05 61 81 ef 3a 07 64 e8 c6 ec 1f 2d 08 5f f0 63 a5 d9 c4
RSN: Derive PMKID using HMAC-SHA-1
RSN: Derived PMKID - hexdump(len=16): e3 a3 fd ac fd 88 6e e3 72 85 3e ea 8a 6e b8 a5
RSN: Added PMKSA cache entry for c4:e9:84:db:fb:7b spa=60:03:08:8e:a2:50 network_ctx=0x5a3773ac1b90 akmp=0x1
wlan3: PMKSA-CACHE-ADDED c4:e9:84:db:fb:7b 0
nl80211: Add PMKID for c4:e9:84:db:fb:7b
nl80211: NL80211_CMD_SET_PMKSA with skip_pmk=false pmk_len=32
nl80211: NL80211_CMD_SET_PMKSA failed: -95 (Operation not supported)
wlan3: RSN: the new PMK matches with the PMKID
wlan3: State: ASSOCIATED -> 4WAY_HANDSHAKE
wlan3: Determining shared radio frequencies (max len 1)
wlan3: Shared frequencies (len=1): completed iteration
wlan3: freq[0]: 2462, flags=0x1
P2P: Add operating class 81
P2P: Channels - hexdump(len=11): 01 02 03 04 05 06 07 08 09 0a 0b
P2P: Add operating class 115
P2P: Channels - hexdump(len=4): 24 28 2c 30
P2P: Add operating class 116
P2P: Channels - hexdump(len=2): 24 2c
P2P: Add operating class 117
P2P: Channels - hexdump(len=2): 28 30
P2P: Add operating class 124
P2P: Channels - hexdump(len=4): 95 99 9d a1
P2P: Add operating class 125
P2P: Channels - hexdump(len=5): 95 99 9d a1 a5
P2P: Add operating class 126
P2P: Channels - hexdump(len=2): 95 9d
P2P: Add operating class 127
P2P: Channels - hexdump(len=2): 99 a1
P2P: Add operating class 128
P2P: Channels - hexdump(len=8): 24 28 2c 30 95 99 9d a1
P2P: Add operating class 130
P2P: Channels - hexdump(len=9): 24 28 2c 30 95 99 9d a1 a5
P2P: Update channel list
P2P: channels: 81:1,2,3,4,5,6,7,8,9,10,11 115:36,40,44,48 116:36,44 117:40,48 124:149,153,157,161 125:149,153,157,161,165 126:149,157 127:153,161 128:36,40,44,48,149,153,157,161 130:36,40,44,48,149,153,157,161,165
P2P: cli_channels:
Get randomness: len=32 entropy=0
WPA: Renewed SNonce - hexdump(len=32): be a3 b1 01 71 ea d0 6b 9f 49 3f 32 d7 df af 65 09 16 1f 3d 30 94 ba 9c a4 09 77 30 39 e9 61 ce
WPA: PTK derivation using PRF(SHA1)
WPA: PTK derivation - A1=60:03:08:8e:a2:50 A2=c4:e9:84:db:fb:7b
WPA: Nonce1 - hexdump(len=32): be a3 b1 01 71 ea d0 6b 9f 49 3f 32 d7 df af 65 09 16 1f 3d 30 94 ba 9c a4 09 77 30 39 e9 61 ce
WPA: Nonce2 - hexdump(len=32): 13 61 b1 af cb fb fd 7e a0 29 69 2c 93 db 97 4a 92 49 20 09 79 12 db 3b 1a ad 60 45 10 c5 c1 19
WPA: PMK - hexdump(len=32): 3d 4a 16 bd 89 16 6d 05 8a ae 5d 18 d9 05 61 81 ef 3a 07 64 e8 c6 ec 1f 2d 08 5f f0 63 a5 d9 c4
WPA: PTK - hexdump(len=48): 48 5a ae 31 cd b3 05 42 22 67 19 49 79 37 97 9f 9a 66 cf cd 21 5f 24 d4 14 10 e0 a0 39 f7 ee 6f 79 46 df c9 76 f9 01 7a e6 c3 34 99 ed db 2d d1
WPA: KCK - hexdump(len=16): 48 5a ae 31 cd b3 05 42 22 67 19 49 79 37 97 9f
WPA: KEK - hexdump(len=16): 9a 66 cf cd 21 5f 24 d4 14 10 e0 a0 39 f7 ee 6f
WPA: TK - hexdump(len=16): 79 46 df c9 76 f9 01 7a e6 c3 34 99 ed db 2d d1
WPA: WPA IE for msg 2/4 - hexdump(len=22): 30 14 01 00 00 0f ac 04 01 00 00 0f ac 04 01 00 00 0f ac 01 0c 00
WPA: Replay Counter - hexdump(len=8): 00 00 00 00 00 00 00 01
wlan3: WPA: Sending EAPOL-Key 2/4
WPA: Send EAPOL-Key frame to c4:e9:84:db:fb:7b ver=2 mic_len=16 key_mgmt=0x1
WPA: EAPOL-Key MIC using HMAC-SHA1
WPA: KCK - hexdump(len=16): 48 5a ae 31 cd b3 05 42 22 67 19 49 79 37 97 9f
WPA: Derived Key MIC - hexdump(len=16): dd 81 6f 1a 3a 62 10 01 e9 14 40 73 a3 61 2e fe
WPA: TX EAPOL-Key - hexdump(len=121): 01 03 00 75 02 01 0a 00 00 00 00 00 00 00 00 00 01 be a3 b1 01 71 ea d0 6b 9f 49 3f 32 d7 df af 65 09 16 1f 3d 30 94 ba 9c a4 09 77 30 39 e9 61 ce 00 00 00 00 00 00 00 00 00 00 00 00 00 00 00 00 00 00 00 00 00 00 00 00 00 00 00 00 00 00 00 00 dd 81 6f 1a 3a 62 10 01 e9 14 40 73 a3 61 2e fe 00 16 30 14 01 00 00 0f ac 04 01 00 00 0f ac 04 01 00 00 0f ac 01 0c 00
nl80211: Send over control port dest=c4:e9:84:db:fb:7b proto=0x888e len=121 no_encrypt=1
nl80211: tx_control_port cookie=0x7a
nl80211: Event message available
nl80211: Drv Event 139 (NL80211_CMD_CONTROL_PORT_FRAME_TX_STATUS) received for wlan3
nl80211: Control port TX status (ack=1), cookie=122
wlan3: Event EAPOL_TX_STATUS (37) received
nl80211: Event message available
nl80211: Ignored event 139 (NL80211_CMD_CONTROL_PORT_FRAME_TX_STATUS) for foreign interface (ifindex 7 wdev 0x0 wiphy -1)
nl80211: Event message available
nl80211: BSS Event 129 (NL80211_CMD_CONTROL_PORT_FRAME) received for wlan3
wlan3: Event EAPOL_RX (23) received
wlan3: RX EAPOL from c4:e9:84:db:fb:7b (encrypted=0)
RX EAPOL - hexdump(len=155): 02 03 00 97 02 13 ca 00 10 00 00 00 00 00 00 00 02 13 61 b1 af cb fb fd 7e a0 29 69 2c 93 db 97 4a 92 49 20 09 79 12 db 3b 1a ad 60 45 10 c5 c1 19 00 00 00 00 00 00 00 00 00 00 00 00 00 00 00 00 00 00 00 00 00 00 00 00 00 00 00 00 00 00 00 00 92 65 38 fd 28 41 2f 91 df b0 ce 17 ce fc 57 60 00 38 67 57 c1 5f 42 0b ea e7 8c 75 30 b2 72 e8 cd 21 4d 99 25 03 a6 ac b7 82 b1 11 1a 76 96 38 ba c7 f1 b5 6c 98 02 60 7f 64 da 46 f4 71 66 60 17 b0 d7 20 1b f9 e1 ef 2e 1c
EAPOL: Ignoring WPA EAPOL-Key frame in EAPOL state machines
wlan3: IEEE 802.1X RX: version=2 type=3 length=151
WPA: RX EAPOL-Key - hexdump(len=155): 02 03 00 97 02 13 ca 00 10 00 00 00 00 00 00 00 02 13 61 b1 af cb fb fd 7e a0 29 69 2c 93 db 97 4a 92 49 20 09 79 12 db 3b 1a ad 60 45 10 c5 c1 19 00 00 00 00 00 00 00 00 00 00 00 00 00 00 00 00 00 00 00 00 00 00 00 00 00 00 00 00 00 00 00 00 92 65 38 fd 28 41 2f 91 df b0 ce 17 ce fc 57 60 00 38 67 57 c1 5f 42 0b ea e7 8c 75 30 b2 72 e8 cd 21 4d 99 25 03 a6 ac b7 82 b1 11 1a 76 96 38 ba c7 f1 b5 6c 98 02 60 7f 64 da 46 f4 71 66 60 17 b0 d7 20 1b f9 e1 ef 2e 1c
wlan3:   EAPOL-Key type=2
wlan3:   key_info 0x13ca (ver=2 keyidx=0 rsvd=0 Pairwise Install Ack MIC Secure Encr)
wlan3:   key_length=16 key_data_length=56
  replay_counter - hexdump(len=8): 00 00 00 00 00 00 00 02
  key_nonce - hexdump(len=32): 13 61 b1 af cb fb fd 7e a0 29 69 2c 93 db 97 4a 92 49 20 09 79 12 db 3b 1a ad 60 45 10 c5 c1 19
  key_iv - hexdump(len=16): 00 00 00 00 00 00 00 00 00 00 00 00 00 00 00 00
  key_rsc - hexdump(len=8): 00 00 00 00 00 00 00 00
  key_id (reserved) - hexdump(len=8): 00 00 00 00 00 00 00 00
  key_mic - hexdump(len=16): 92 65 38 fd 28 41 2f 91 df b0 ce 17 ce fc 57 60
WPA: EAPOL-Key MIC using HMAC-SHA1
RSN: encrypted key data - hexdump(len=56): 67 57 c1 5f 42 0b ea e7 8c 75 30 b2 72 e8 cd 21 4d 99 25 03 a6 ac b7 82 b1 11 1a 76 96 38 ba c7 f1 b5 6c 98 02 60 7f 64 da 46 f4 71 66 60 17 b0 d7 20 1b f9 e1 ef 2e 1c
WPA: Decrypt Key Data using AES-UNWRAP (KEK length 16)
WPA: decrypted EAPOL-Key key data - hexdump(len=48): 30 14 01 00 00 0f ac 04 01 00 00 0f ac 04 01 00 00 0f ac 01 0c 00 dd 16 00 0f ac 01 01 00 c7 fa 43 e4 04 0f f9 76 63 8d 7d cf 59 94 6c b9 dd 00
wlan3: State: 4WAY_HANDSHAKE -> 4WAY_HANDSHAKE
wlan3: RSN: RX message 3 of 4-Way Handshake from c4:e9:84:db:fb:7b (ver=2)
WPA: IE KeyData - hexdump(len=48): 30 14 01 00 00 0f ac 04 01 00 00 0f ac 04 01 00 00 0f ac 01 0c 00 dd 16 00 0f ac 01 01 00 c7 fa 43 e4 04 0f f9 76 63 8d 7d cf 59 94 6c b9 dd 00
WPA: RSN IE in EAPOL-Key - hexdump(len=22): 30 14 01 00 00 0f ac 04 01 00 00 0f ac 04 01 00 00 0f ac 01 0c 00
WPA: GTK in EAPOL-Key - hexdump(len=24): dd 16 00 0f ac 01 01 00 c7 fa 43 e4 04 0f f9 76 63 8d 7d cf 59 94 6c b9
wlan3: WPA: Sending EAPOL-Key 4/4
WPA: Send EAPOL-Key frame to c4:e9:84:db:fb:7b ver=2 mic_len=16 key_mgmt=0x1
WPA: EAPOL-Key MIC using HMAC-SHA1
WPA: KCK - hexdump(len=16): 48 5a ae 31 cd b3 05 42 22 67 19 49 79 37 97 9f
WPA: Derived Key MIC - hexdump(len=16): 23 59 91 ee 79 96 d7 f4 70 75 d1 ce ce 9b 32 f7
WPA: TX EAPOL-Key - hexdump(len=99): 01 03 00 5f 02 03 0a 00 00 00 00 00 00 00 00 00 02 00 00 00 00 00 00 00 00 00 00 00 00 00 00 00 00 00 00 00 00 00 00 00 00 00 00 00 00 00 00 00 00 00 00 00 00 00 00 00 00 00 00 00 00 00 00 00 00 00 00 00 00 00 00 00 00 00 00 00 00 00 00 00 00 23 59 91 ee 79 96 d7 f4 70 75 d1 ce ce 9b 32 f7 00 00
nl80211: Send over control port dest=c4:e9:84:db:fb:7b proto=0x888e len=99 no_encrypt=1
nl80211: tx_control_port cookie=0x7b
wlan3: WPA: Installing PTK to the driver
wpa_driver_nl80211_set_key: ifindex=10 (wlan3) alg=3 addr=0x5a3773ac49a0 key_idx=0 set_tx=1 seq_len=6 key_len=16 key_flag=0x2c link_id=-1
nl80211: NEW_KEY
nl80211: KEY_DATA - hexdump(len=16): 79 46 df c9 76 f9 01 7a e6 c3 34 99 ed db 2d d1
nl80211: KEY_SEQ - hexdump(len=6): 00 00 00 00 00 00
   addr=c4:e9:84:db:fb:7b
   pairwise key
EAPOL: External notification - portValid=1
EAPOL: SUPP_PAE entering state AUTHENTICATED
EAPOL: Supplicant port status: Authorized
nl80211: Set supplicant port authorized for c4:e9:84:db:fb:7b
EAPOL authentication completed - result=SUCCESS
wlan3: State: 4WAY_HANDSHAKE -> GROUP_HANDSHAKE
wlan3: Determining shared radio frequencies (max len 1)
wlan3: Shared frequencies (len=1): completed iteration
wlan3: freq[0]: 2462, flags=0x1
P2P: Add operating class 81
P2P: Channels - hexdump(len=11): 01 02 03 04 05 06 07 08 09 0a 0b
P2P: Add operating class 115
P2P: Channels - hexdump(len=4): 24 28 2c 30
P2P: Add operating class 116
P2P: Channels - hexdump(len=2): 24 2c
P2P: Add operating class 117
P2P: Channels - hexdump(len=2): 28 30
P2P: Add operating class 124
P2P: Channels - hexdump(len=4): 95 99 9d a1
P2P: Add operating class 125
P2P: Channels - hexdump(len=5): 95 99 9d a1 a5
P2P: Add operating class 126
P2P: Channels - hexdump(len=2): 95 9d
P2P: Add operating class 127
P2P: Channels - hexdump(len=2): 99 a1
P2P: Add operating class 128
P2P: Channels - hexdump(len=8): 24 28 2c 30 95 99 9d a1
P2P: Add operating class 130
P2P: Channels - hexdump(len=9): 24 28 2c 30 95 99 9d a1 a5
P2P: Update channel list
P2P: channels: 81:1,2,3,4,5,6,7,8,9,10,11 115:36,40,44,48 116:36,44 117:40,48 124:149,153,157,161 125:149,153,157,161,165 126:149,157 127:153,161 128:36,40,44,48,149,153,157,161 130:36,40,44,48,149,153,157,161,165
P2P: cli_channels:
RSN: received GTK in pairwise handshake - hexdump(len=18): 01 00 c7 fa 43 e4 04 0f f9 76 63 8d 7d cf 59 94 6c b9
WPA: Group Key - hexdump(len=16): c7 fa 43 e4 04 0f f9 76 63 8d 7d cf 59 94 6c b9
wlan3: WPA: Installing GTK to the driver (keyidx=1 tx=0 len=16)
WPA: RSC - hexdump(len=6): 00 00 00 00 00 00
wpa_driver_nl80211_set_key: ifindex=10 (wlan3) alg=3 addr=0x5a377317e7cd key_idx=1 set_tx=0 seq_len=6 key_len=16 key_flag=0x14 link_id=-1
nl80211: NEW_KEY
nl80211: KEY_DATA - hexdump(len=16): c7 fa 43 e4 04 0f f9 76 63 8d 7d cf 59 94 6c b9
nl80211: KEY_SEQ - hexdump(len=6): 00 00 00 00 00 00
   broadcast key
wlan3: WPA: Key negotiation completed with c4:e9:84:db:fb:7b [PTK=CCMP GTK=CCMP]
wlan3: Cancelling authentication timeout
wlan3: State: GROUP_HANDSHAKE -> COMPLETED
wlan3: Radio work 'sme-connect'@0x5a3773b4d360 done in 0.139380 seconds
wlan3: radio_work_free('sme-connect'@0x5a3773b4d360): num_active_works --> 0
wlan3: CTRL-EVENT-CONNECTED - Connection to c4:e9:84:db:fb:7b completed [id=0 id_str=]
nl80211: Set wlan3 operstate 0->1 (UP)
netlink: Operstate: ifindex=10 linkmode=-1 (no change), operstate=6 (IF_OPER_UP)
wlan3: Determining shared radio frequencies (max len 1)
wlan3: Shared frequencies (len=1): completed iteration
wlan3: freq[0]: 2462, flags=0x1
P2P: Add operating class 81
P2P: Channels - hexdump(len=11): 01 02 03 04 05 06 07 08 09 0a 0b
P2P: Add operating class 115
P2P: Channels - hexdump(len=4): 24 28 2c 30
P2P: Add operating class 116
P2P: Channels - hexdump(len=2): 24 2c
P2P: Add operating class 117
P2P: Channels - hexdump(len=2): 28 30
P2P: Add operating class 124
P2P: Channels - hexdump(len=4): 95 99 9d a1
P2P: Add operating class 125
P2P: Channels - hexdump(len=5): 95 99 9d a1 a5
P2P: Add operating class 126
P2P: Channels - hexdump(len=2): 95 9d
P2P: Add operating class 127
P2P: Channels - hexdump(len=2): 99 a1
P2P: Add operating class 128
P2P: Channels - hexdump(len=8): 24 28 2c 30 95 99 9d a1
P2P: Add operating class 130
P2P: Channels - hexdump(len=9): 24 28 2c 30 95 99 9d a1 a5
P2P: Update channel list
P2P: channels: 81:1,2,3,4,5,6,7,8,9,10,11 115:36,40,44,48 116:36,44 117:40,48 124:149,153,157,161 125:149,153,157,161,165 126:149,157 127:153,161 128:36,40,44,48,149,153,157,161 130:36,40,44,48,149,153,157,161,165
P2P: cli_channels:
EAPOL: External notification - portValid=1
nl80211: Set rekey offload
nl80211: Driver does not support rekey offload
RTM_NEWLINK: ifi_index=10 ifname=wlan3 operstate=6 linkmode=1 ifi_family=0 ifi_flags=0x11043 ([UP][RUNNING][LOWER_UP])
nl80211: Event message available
nl80211: Drv Event 139 (NL80211_CMD_CONTROL_PORT_FRAME_TX_STATUS) received for wlan3
nl80211: Control port TX status (ack=1), cookie=123
wlan3: Event EAPOL_TX_STATUS (37) received
EAPOL: disable timer tick
nl80211: Event message available
nl80211: Ignored event 64 (NL80211_CMD_NOTIFY_CQM) for foreign interface (ifindex 3 wdev 0x0 wiphy -1)
EAPOL: startWhen --> 0
RTM_NEWLINK: ifi_index=11 ifname=hwsim0 operstate=0 linkmode=0 ifi_family=0 ifi_flags=0x11043 ([UP][RUNNING][LOWER_UP])
RTM_NEWLINK: ifi_index=8 ifname=wlan1 operstate=6 linkmode=0 ifi_family=0 ifi_flags=0x11043 ([UP][RUNNING][LOWER_UP])
RTM_NEWLINK: ifi_index=9 ifname=wlan2 operstate=6 linkmode=0 ifi_family=0 ifi_flags=0x11043 ([UP][RUNNING][LOWER_UP])
nl80211: Event message available
nl80211: Ignored event 60 (NL80211_CMD_FRAME_TX_STATUS) for foreign interface (ifindex 7 wdev 0x0 wiphy -1)
RTM_NEWLINK: ifi_index=7 ifname=wlan0 operstate=2 linkmode=0 ifi_family=0 ifi_flags=0x1003 ([UP])
nl80211: Event message available
nl80211: Ignored event 20 (NL80211_CMD_DEL_STATION) for foreign interface (ifindex 7 wdev 0x0 wiphy -1)
RTM_NEWLINK: ifi_index=7 ifname=wlan0 operstate=2 linkmode=0 ifi_family=0 ifi_flags=0x1002 ()
EAPOL: authWhile --> 0
^Cp2p-dev-wlan3: Removing interface p2p-dev-wlan3
nl80211: Getting wowlan status
nl80211: Getting wowlan status failed
p2p-dev-wlan3: Request to deauthenticate - bssid=00:00:00:00:00:00 pending_bssid=00:00:00:00:00:00 reason=3 (DEAUTH_LEAVING) state=DISCONNECTED
TDLS: Tear down peers
p2p-dev-wlan3: State: DISCONNECTED -> DISCONNECTED
nl80211: Set p2p-dev-wlan3 operstate 0->0 (DORMANT)
netlink: Operstate: ifindex=0 linkmode=-1 (no change), operstate=5 (IF_OPER_DORMANT)
EAPOL: External notification - portEnabled=0
EAPOL: External notification - portValid=0
QM: Clear all active DSCP policies
p2p-dev-wlan3: CTRL-EVENT-DSCP-POLICY clear_all
p2p-dev-wlan3: WPA: Clear old PMK and PTK
p2p-dev-wlan3: BSS: Remove id 0 BSSID c4:e9:84:db:fb:7b SSID 'kuleuven' due to wpa_bss_flush
p2p-dev-wlan3: Cancelling scan request
p2p-dev-wlan3: Cancelling authentication timeout
Off-channel: Clear pending Action frame TX (pending_action_tx=(nil)
HS20: Delete all stored icons
Off-channel: Action frame sequence done notification: pending_action_tx=(nil) drv_offchan_tx=1 action_tx_wait_time=0 off_channel_freq=0 roc_waiting_drv_freq=0
QM: Clear all active DSCP policies
p2p-dev-wlan3: CTRL-EVENT-DSCP-POLICY clear_all
p2p-dev-wlan3: P2P: Disable P2P since removing the management interface is being removed
P2P: All ASP advertisements flushed
P2P: Disabling Extended Listen Timing
P2P: Stopping find
P2P: Clear timeout (state=IDLE)
P2P: State IDLE -> IDLE
P2P: p2p_stop_listen_for_freq(freq=0) pending_listen_freq=0 in_listen=0 drv_in_listen=0
P2P: All ASP advertisements flushed
Remove interface p2p-dev-wlan3 from radio phy5
nl80211: deinit ifname=p2p-dev-wlan3 disabled_11b_rates=0
nl80211: Remove monitor interface: refcount=0
netlink: Operstate: ifindex=0 linkmode=0 (kernel-control), operstate=6 (IF_OPER_UP)
nl80211: Stop P2P Device p2p-dev-wlan3 (0x50000002b): Success
nl80211: Unsubscribe mgmt frames handle 0x8888d2bffb3b2ff9 (deinit)
nl80211: Delete P2P Device p2p-dev-wlan3 (0x50000002b): Success
p2p-dev-wlan3: CTRL-EVENT-TERMINATING 
wlan3: Removing interface wlan3
nl80211: Getting wowlan status
nl80211: Getting wowlan status failed
wlan3: Request to deauthenticate - bssid=c4:e9:84:db:fb:7b pending_bssid=00:00:00:00:00:00 reason=3 (DEAUTH_LEAVING) state=COMPLETED
TDLS: Tear down peers
wpa_driver_nl80211_deauthenticate(addr=c4:e9:84:db:fb:7b reason_code=3)
nl80211: send_event_marker failed: Source based routing not supported
wlan3: Event DEAUTH (11) received
wlan3: Deauthentication notification
wlan3:  * reason 3 (DEAUTH_LEAVING) locally_generated=1
Deauthentication frame IE(s) - hexdump(len=0): [NULL]
wlan3: CTRL-EVENT-DISCONNECTED bssid=c4:e9:84:db:fb:7b reason=3 locally_generated=1
wlan3: Auto connect disabled: do not try to re-connect
wlan3: Ignore connection failure indication since interface has been put into disconnected state
RSN: Clear current PMKSA entry selection
TDLS: Remove peers on disassociation
wlan3: WPA: Clear old PMK and PTK
wlan3: Disconnect event - remove keys
wpa_driver_nl80211_set_key: ifindex=10 (wlan3) alg=0 addr=(nil) key_idx=0 set_tx=0 seq_len=0 key_len=0 key_flag=0x10 link_id=-1
nl80211: DEL_KEY
   broadcast key
wpa_driver_nl80211_set_key: ifindex=10 (wlan3) alg=0 addr=(nil) key_idx=1 set_tx=0 seq_len=0 key_len=0 key_flag=0x10 link_id=-1
nl80211: DEL_KEY
   broadcast key
wpa_driver_nl80211_set_key: ifindex=10 (wlan3) alg=0 addr=0x5a3773abeeb0 key_idx=0 set_tx=0 seq_len=0 key_len=0 key_flag=0x20 link_id=-1
nl80211: DEL_KEY
   addr=c4:e9:84:db:fb:7b
   pairwise key
nl80211: Data frame filter flags=0x0
wlan3: State: COMPLETED -> DISCONNECTED
nl80211: Set wlan3 operstate 1->0 (DORMANT)
netlink: Operstate: ifindex=10 linkmode=-1 (no change), operstate=5 (IF_OPER_DORMANT)
WMM AC: WMM AC is disabled
EAPOL: External notification - portEnabled=0
EAPOL: SUPP_PAE entering state DISCONNECTED
EAPOL: Supplicant port status: Unauthorized
nl80211: Skip set_supp_port(unauthorized) while not associated
EAPOL: SUPP_BE entering state INITIALIZE
EAP: EAP entering state DISABLED
EAPOL: External notification - portValid=0
nl80211: Data frame filter flags=0x0
wlan3: State: DISCONNECTED -> DISCONNECTED
nl80211: Set wlan3 operstate 0->0 (DORMANT)
netlink: Operstate: ifindex=10 linkmode=-1 (no change), operstate=5 (IF_OPER_DORMANT)
EAPOL: External notification - portEnabled=0
EAPOL: External notification - portValid=0
QM: Clear all active DSCP policies
wlan3: CTRL-EVENT-DSCP-POLICY clear_all
RSN: Flush PMKSA cache entry for c4:e9:84:db:fb:7b
wlan3: PMKSA-CACHE-REMOVED c4:e9:84:db:fb:7b 0
nl80211: Delete PMKID for c4:e9:84:db:fb:7b
nl80211: NL80211_CMD_DEL_PMKSA failed: -95 (Operation not supported)
wlan3: RSN: PMKSA cache entry free_cb: c4:e9:84:db:fb:7b reason=0
EAP: deinitialize previously used EAP method (25, PEAP) at EAP deinit
ENGINE: engine deinit
wlan3: WPA: Clear old PMK and PTK
wlan3: BSS: Remove id 0 BSSID c4:e9:84:db:fb:7b SSID 'kuleuven' due to wpa_bss_flush
wlan3: Cancelling scan request
wlan3: Cancelling authentication timeout
Off-channel: Clear pending Action frame TX (pending_action_tx=(nil)
nl80211: Data frame filter flags=0x0
HS20: Delete all stored icons
Off-channel: Action frame sequence done notification: pending_action_tx=(nil) drv_offchan_tx=1 action_tx_wait_time=0 off_channel_freq=0 roc_waiting_drv_freq=0
QM: Clear all active DSCP policies
wlan3: CTRL-EVENT-DSCP-POLICY clear_all
Remove interface wlan3 from radio phy5
Remove radio phy5
nl80211: deinit ifname=wlan3 disabled_11b_rates=0
nl80211: Remove monitor interface: refcount=0
netlink: Operstate: ifindex=10 linkmode=0 (kernel-control), operstate=6 (IF_OPER_UP)
nl80211: Set mode ifindex 10 iftype 2 (STATION)
nl80211: Unsubscribe mgmt frames handle 0x8888d2bffb249fa9 (mode change)
wlan3: CTRL-EVENT-TERMINATING 
[mathy@zbook-mathy wpa_supplicant]$ 


